title,text,subreddit,score,date,num_comments,url,combined,neighborhoods_mentioned,safety_flags,safety_score,sentiment,confidence,hour,year,is_night,perspective
How short is the road to racism?,"I live in Uptown. I as a white(ish) thirty-something male experience discomfort and some amount of fear around black people in certain specific contexts these days, because I have observed that they will target white people with certain types of harassment, depending on what the situation is. It is not uncommon for a black man, woman or child(!) to spit (on the ground as a sign of disrespect) as they pass me or my wife while walking down the sidewalk, for example. [There are the packs of black youths who have been mob-robbing white people on the street.](http://www.americanthinker.com/2011/06/chicagos_violent_flash_mobs.html) I've been targeted by kids gleefully throwing stuff at me while their older siblings look on with approval while I'm just trying to listen to my music on the train. I have also been attacked by a group of teenaged blacks who hit me over the head with bricks, etc, had me on the ground until the police showed up, just because I happened to walk by them in an area with not a lot of people around. I've always seen this as basically a way to reinforce a group unity via us vs. them, we are at war, our lives are rough because of white people, and more generally as a result of the segregation in this city, but the open hostility and animosity coming from that culture really starts to wear on your liberal sensibilities. I recently took a trip to St. Louis, where I didn't get that sense at all from the black people I encountered. But in Chicago there is just so much tension. Obviously the great majority of black people are decent, and there are plenty of white people who are indecent here. The point is the indecency in this case is racially directed from black to white. I just feel like, in this day and age, most people I know feel thusly: We are perfectly willing to accept any person of any race into our hearts, lives and communities. As such, it seems like the onus may be on black folks to ease racial tensions between whites and blacks, because it is the bad elements in their culture that continue to fan the flames.

EDIT: Dialogue_Dub has posted something I think everyone should read following this. She points out the basic flaw in my post, which is that I am approaching this from my paradigm. While I believe most people are willing to treat black people with respectful color blindness because that's how my base behaves, that is likely not to be the norm, unfortunately.

EDIT: It's really surprising to me that people keep suggesting that there must be something about me that is inviting violence. Let me tell you, there isn't. As I have revealed, I am over thirty years old. The things I've described have happened over the course of time, and to other people close to me as well. It isn't as though I'm afraid to walk out of the house for fear of being attacked or cower and skitter in tense situations, nor do I feel as described above whenever I see a black person of any kind. It's usually pretty easy to tell who has a chip on their shoulder or who is out to mess with you. In addition to fairly regular passively or mildly aggressive behavior (like the spitting) I perceive, the attacks are things that have happened to me and people I know over the years, information I have first hand to illustrate my point that it's sometimes difficult to keep economic and other historic impetus for racism in mind when dealing with bad attitudes directed by blacks at whites.",chicago,66,1315328965.0,212,https://reddit.com/r/chicago/comments/k6kte/how_short_is_the_road_to_racism/,"How short is the road to racism? I live in Uptown. I as a white(ish) thirty-something male experience discomfort and some amount of fear around black people in certain specific contexts these days, because I have observed that they will target white people with certain types of harassment, depending on what the situation is. It is not uncommon for a black man, woman or child(!) to spit (on the ground as a sign of disrespect) as they pass me or my wife while walking down the sidewalk, for example. [There are the packs of black youths who have been mob-robbing white people on the street.](http://www.americanthinker.com/2011/06/chicagos_violent_flash_mobs.html) I've been targeted by kids gleefully throwing stuff at me while their older siblings look on with approval while I'm just trying to listen to my music on the train. I have also been attacked by a group of teenaged blacks who hit me over the head with bricks, etc, had me on the ground until the police showed up, just because I happened to walk by them in an area with not a lot of people around. I've always seen this as basically a way to reinforce a group unity via us vs. them, we are at war, our lives are rough because of white people, and more generally as a result of the segregation in this city, but the open hostility and animosity coming from that culture really starts to wear on your liberal sensibilities. I recently took a trip to St. Louis, where I didn't get that sense at all from the black people I encountered. But in Chicago there is just so much tension. Obviously the great majority of black people are decent, and there are plenty of white people who are indecent here. The point is the indecency in this case is racially directed from black to white. I just feel like, in this day and age, most people I know feel thusly: We are perfectly willing to accept any person of any race into our hearts, lives and communities. As such, it seems like the onus may be on black folks to ease racial tensions between whites and blacks, because it is the bad elements in their culture that continue to fan the flames.

EDIT: Dialogue_Dub has posted something I think everyone should read following this. She points out the basic flaw in my post, which is that I am approaching this from my paradigm. While I believe most people are willing to treat black people with respectful color blindness because that's how my base behaves, that is likely not to be the norm, unfortunately.

EDIT: It's really surprising to me that people keep suggesting that there must be something about me that is inviting violence. Let me tell you, there isn't. As I have revealed, I am over thirty years old. The things I've described have happened over the course of time, and to other people close to me as well. It isn't as though I'm afraid to walk out of the house for fear of being attacked or cower and skitter in tense situations, nor do I feel as described above whenever I see a black person of any kind. It's usually pretty easy to tell who has a chip on their shoulder or who is out to mess with you. In addition to fairly regular passively or mildly aggressive behavior (like the spitting) I perceive, the attacks are things that have happened to me and people I know over the years, information I have first hand to illustrate my point that it's sometimes difficult to keep economic and other historic impetus for racism in mind when dealing with bad attitudes directed by blacks at whites.",['Uptown'],"['harassment', 'attacked', 'afraid', 'fear', 'aggressive']",5,Negative/Fear,0.776,17,2011,False,Female Perspective
My thoughts moving to Dallas from Chicago,"I made a similar post on the Dallas sub and thought it would be fair to post here to share my thoughts for those considering a move to Dallas or to reinforce your decision to not move to Dallas. I grew up in the Southeast, ended up in the Midwest for school, then landed a job in Chicago after college and ended up calling Chicago my home for over a decade.

COVID really changed my view towards living in a city environment and changed my life preferences. I decided I wanted a bigger place to live that's more quiet and getting that in the city would be hard. I thought about moving to the suburbs but I figured if I was going to live in a suburban environment, why not move somewhere warmer and a bit lower cost (many Chicagoland suburbs are really expensive for housing). I applied at some jobs in Arizona, New Mexico, Florida and ended up getting a job in Dallas.

**Transportation:** Public transit in Chicago is really good and in most cases, as long as you live on the north side, you shouldn't need a car. I always lived on the south side, so my partner and I shared a car. One issue we did have with CTA, especially on the south side was safety. My ex was assaulted, both physically and verbally many times. I will say that driving in Dallas is much easier and more efficient than in Chicago. In the DFW area, as long as it's not rush hour and you just want to run a few errands, a 5 mile trip will take you no more than 10min. In short, I find it easier to do tasks on the weekends in Dallas. Going to Costco, grocery store, clothing shopping, lunch out, and Home Depot can be done in just a few hours.

**Safety:** This is the one thing Chicago is notorious for. Of course we all know that Fox News greatly over exaggerates the crime in Chicago, but we also know that there is a bit of truth to it. Everyone I know in Chicago has been involved in some sort of crime or ""sketchy stuff"" at some point in their lives. In Dallas the crime is concentrated around bad neighborhoods or happens at night in popular nightlife districts but it doesn't spill over into other areas. Statistics may say one thing but my partner says she ""feels"" significantly safer in the Dallas area compared to Chicago. At least once a week she felt uneasy on CTA or walking around the Loop after work when it's dark in winter.

**Employment opportunities:** Both Dallas and Chicago have great job opportunities and I find the salaries between the two to be very similar. One thing I liked about finding jobs in Chicago is that they were almost always in the Loop or close to the Loop so I didn't have to worry about moving after getting a new job. One thing about Dallas is that jobs are spread out all over rather than centralized to a downtown area. This can be a blessing and a curse depending on how you frame it. People who want to live in the suburbs and live 10min from work will love it. But the issue is that if you switch jobs, you have to be strategic as to where the job is to avoid a long commute. At least in Chicago with most jobs being downtown, you already know how your commute will be.

**Entertainment:** For such a large metro area, Dallas is incredibly boring to me. All of the Dallas natives say there are plenty of things to do, but it's not on the same level as Chicago. Dallas has museums and other cultural activities, same as Chicago, but there just really isn't a cool neighborhood vibe where you can get off the train and walk around and discover a new quirky bookstore, record shop, and find new bars. You have to actively search for things to do. But how do you know what to search for? Like for example I once found out about a Thai food festival after it happened because that's an oddly specific thing to search Google for. Another issue is that when you search for things to do in Dallas online, the majority of them are in the suburbs and those events always are more family oriented. As you can imagine, a taco festival in Pilsen will have a different vibe than taco festival in Schaumburg. 

**Bar scene:** One of the best parts of Chicago is the unique bar scene. Every neighborhood has bars that cater to different types of people. Dallas only has a few nightlife areas and most are just a single street with restaurants that also happen to serve drinks. I went to a ""bar"" that was highly recommended by locals and was so confused when I entered. It was literally a restaurant that just happened to have a bar serving drinks.

**Out of town trips:** In Chicago I really liked heading over to the Michigan beaches, Milwaukee for the day, or Wisconsin for some outdoor fun. In Dallas there really isn't a lot to do within a 2-3hr drive unless you like small Texas towns.

**Outdoor activities:** Chicago isn't the best outdoorsy city but it beats anything in Dallas which is probably one of the worst cities in the US for outdoor activities. People don't even leave their windows open because it's either too hot, too cold, or raining. I love camping and it's very hard to camp in Texas as almost all of the state is privately owned land. We don't have that many state parks and the ones closest to metro areas are always full on the weekends. 

**Politics:** For me this is a wash. If you are more left leaning, Texas is one of the worst states to live in because of how overly vocal and conservative the state officials are. But I wouldn't say that Chicago politics are any less toxic.

**People:** We always hear negative things about Texas on the news but I don't think that represents people who live here. I always find Texans to be very friendly and nice.

**Race relations:** This one is so awkward to discuss but it's something I noticed almost immediately after moving to Dallas. Chicago is a very segregated city and black, white, Hispanic, and Asian people seem to live totally separate lives. And the interactions between races, especially between black and white people felt very constrained. For some reason, I felt like black people in Chicago were hostile to non-black people and many non-black people were uncomfortable being around black people. In Dallas, I witness no such awkwardness. 

**Food:** The Chicago food scene is in general, better than Dallas but there are some areas where Dallas comes ahead. BBQ and Asian food is better quality and more readily available in Dallas. And surprisingly I find the tacos to be better in Chicago. In Dallas, most of the taco places are more TexMex and finding a taco place that's similar to Mexico City style isn't easy.

I think Dallas is a great place to live to further your career and we still have relatively low cost of living compared to other large metro areas. There are a lot of Chicagoland natives who have moved down this way and usually it's for lower COL and weather and just a more laid back lifestyle. I think the DFW metro area is a great place to buy a home and raise a family but may be lacking for people who aren't interested in this.",chicago,0,1715187046.0,135,https://reddit.com/r/chicago/comments/1cn9d8s/my_thoughts_moving_to_dallas_from_chicago/,"My thoughts moving to Dallas from Chicago I made a similar post on the Dallas sub and thought it would be fair to post here to share my thoughts for those considering a move to Dallas or to reinforce your decision to not move to Dallas. I grew up in the Southeast, ended up in the Midwest for school, then landed a job in Chicago after college and ended up calling Chicago my home for over a decade.

COVID really changed my view towards living in a city environment and changed my life preferences. I decided I wanted a bigger place to live that's more quiet and getting that in the city would be hard. I thought about moving to the suburbs but I figured if I was going to live in a suburban environment, why not move somewhere warmer and a bit lower cost (many Chicagoland suburbs are really expensive for housing). I applied at some jobs in Arizona, New Mexico, Florida and ended up getting a job in Dallas.

**Transportation:** Public transit in Chicago is really good and in most cases, as long as you live on the north side, you shouldn't need a car. I always lived on the south side, so my partner and I shared a car. One issue we did have with CTA, especially on the south side was safety. My ex was assaulted, both physically and verbally many times. I will say that driving in Dallas is much easier and more efficient than in Chicago. In the DFW area, as long as it's not rush hour and you just want to run a few errands, a 5 mile trip will take you no more than 10min. In short, I find it easier to do tasks on the weekends in Dallas. Going to Costco, grocery store, clothing shopping, lunch out, and Home Depot can be done in just a few hours.

**Safety:** This is the one thing Chicago is notorious for. Of course we all know that Fox News greatly over exaggerates the crime in Chicago, but we also know that there is a bit of truth to it. Everyone I know in Chicago has been involved in some sort of crime or ""sketchy stuff"" at some point in their lives. In Dallas the crime is concentrated around bad neighborhoods or happens at night in popular nightlife districts but it doesn't spill over into other areas. Statistics may say one thing but my partner says she ""feels"" significantly safer in the Dallas area compared to Chicago. At least once a week she felt uneasy on CTA or walking around the Loop after work when it's dark in winter.

**Employment opportunities:** Both Dallas and Chicago have great job opportunities and I find the salaries between the two to be very similar. One thing I liked about finding jobs in Chicago is that they were almost always in the Loop or close to the Loop so I didn't have to worry about moving after getting a new job. One thing about Dallas is that jobs are spread out all over rather than centralized to a downtown area. This can be a blessing and a curse depending on how you frame it. People who want to live in the suburbs and live 10min from work will love it. But the issue is that if you switch jobs, you have to be strategic as to where the job is to avoid a long commute. At least in Chicago with most jobs being downtown, you already know how your commute will be.

**Entertainment:** For such a large metro area, Dallas is incredibly boring to me. All of the Dallas natives say there are plenty of things to do, but it's not on the same level as Chicago. Dallas has museums and other cultural activities, same as Chicago, but there just really isn't a cool neighborhood vibe where you can get off the train and walk around and discover a new quirky bookstore, record shop, and find new bars. You have to actively search for things to do. But how do you know what to search for? Like for example I once found out about a Thai food festival after it happened because that's an oddly specific thing to search Google for. Another issue is that when you search for things to do in Dallas online, the majority of them are in the suburbs and those events always are more family oriented. As you can imagine, a taco festival in Pilsen will have a different vibe than taco festival in Schaumburg. 

**Bar scene:** One of the best parts of Chicago is the unique bar scene. Every neighborhood has bars that cater to different types of people. Dallas only has a few nightlife areas and most are just a single street with restaurants that also happen to serve drinks. I went to a ""bar"" that was highly recommended by locals and was so confused when I entered. It was literally a restaurant that just happened to have a bar serving drinks.

**Out of town trips:** In Chicago I really liked heading over to the Michigan beaches, Milwaukee for the day, or Wisconsin for some outdoor fun. In Dallas there really isn't a lot to do within a 2-3hr drive unless you like small Texas towns.

**Outdoor activities:** Chicago isn't the best outdoorsy city but it beats anything in Dallas which is probably one of the worst cities in the US for outdoor activities. People don't even leave their windows open because it's either too hot, too cold, or raining. I love camping and it's very hard to camp in Texas as almost all of the state is privately owned land. We don't have that many state parks and the ones closest to metro areas are always full on the weekends. 

**Politics:** For me this is a wash. If you are more left leaning, Texas is one of the worst states to live in because of how overly vocal and conservative the state officials are. But I wouldn't say that Chicago politics are any less toxic.

**People:** We always hear negative things about Texas on the news but I don't think that represents people who live here. I always find Texans to be very friendly and nice.

**Race relations:** This one is so awkward to discuss but it's something I noticed almost immediately after moving to Dallas. Chicago is a very segregated city and black, white, Hispanic, and Asian people seem to live totally separate lives. And the interactions between races, especially between black and white people felt very constrained. For some reason, I felt like black people in Chicago were hostile to non-black people and many non-black people were uncomfortable being around black people. In Dallas, I witness no such awkwardness. 

**Food:** The Chicago food scene is in general, better than Dallas but there are some areas where Dallas comes ahead. BBQ and Asian food is better quality and more readily available in Dallas. And surprisingly I find the tacos to be better in Chicago. In Dallas, most of the taco places are more TexMex and finding a taco place that's similar to Mexico City style isn't easy.

I think Dallas is a great place to live to further your career and we still have relatively low cost of living compared to other large metro areas. There are a lot of Chicagoland natives who have moved down this way and usually it's for lower COL and weather and just a more laid back lifestyle. I think the DFW metro area is a great place to buy a home and raise a family but may be lacking for people who aren't interested in this.","['Loop', 'Pilsen']","['avoid', 'dark', 'sketchy', 'uncomfortable', 'uneasy']",5,Neutral/Concern,0.617,16,2024,False,Female Perspective
UPDATE: Senators Raoul/Munoz Repeat Handgun Offender Bill,"Below are some recent stories as to why you should support SR 1722 Safe Neighborhoods Reform Act. The bill proposes encouraging judges to sentence at the higher end of the spectrum for repeat handgun offenders. 

Four people are dead and one is on life support after a repeat offender forced them to lie down and shot them in the back.


https://www.dnainfo.com/chicago/20170329/roseland/man-faces-4-murder-charges-from-quadruple-slaying-roseland-police-say


His previous arrests and convictions:

•July 1, 2007: Conviction, Aggravated Unlawful Use of a Weapon, 1 year

•Oct 13, 2009: Conviction, Felon in Posession of a Firearm while on Parole, 2 years

•August 5, 2010: Conviction, Armed Habitual Criminal, 6 years

•July 9, 2016: Arrest, Aggravated Assault with a Deadly Weapon, released after a few hours.

• **Edit: he was on parole for his Aug 2010 firearm crime when he allegedly  committed this quadruple murder.**


The person charged with murdering 2 year old Levontay White was previously arrested for armed robbery and several firearms charges as well. 


http://wgntv.com/2017/02/18/charges-filed-in-triple-shooting-that-killed-2-year-old-boy/


Dwyane Wade's cousin, Nykea Aldridge, was killed by two people who were both on parole for firearms crimes. She was shot in the head while she pushed her baby in a stroller. She was not the intended target.


These are a perfect examples of a repeat handgun offenders that would have been incarcerated under SB 1722 guidelines. All of these deaths were preventable but some of our elected officials are trying to block this effort. 

If you agree repeat firearms offenders have shown they are willing to continue to pose a danger to society it's worth calling your representatives. The bill is past it's third reading just waiting for enough votes.",chicago,17,1490819572.0,5,https://reddit.com/r/chicago/comments/6299gr/update_senators_raoulmunoz_repeat_handgun/,"UPDATE: Senators Raoul/Munoz Repeat Handgun Offender Bill Below are some recent stories as to why you should support SR 1722 Safe Neighborhoods Reform Act. The bill proposes encouraging judges to sentence at the higher end of the spectrum for repeat handgun offenders. 

Four people are dead and one is on life support after a repeat offender forced them to lie down and shot them in the back.


https://www.dnainfo.com/chicago/20170329/roseland/man-faces-4-murder-charges-from-quadruple-slaying-roseland-police-say


His previous arrests and convictions:

•July 1, 2007: Conviction, Aggravated Unlawful Use of a Weapon, 1 year

•Oct 13, 2009: Conviction, Felon in Posession of a Firearm while on Parole, 2 years

•August 5, 2010: Conviction, Armed Habitual Criminal, 6 years

•July 9, 2016: Arrest, Aggravated Assault with a Deadly Weapon, released after a few hours.

• **Edit: he was on parole for his Aug 2010 firearm crime when he allegedly  committed this quadruple murder.**


The person charged with murdering 2 year old Levontay White was previously arrested for armed robbery and several firearms charges as well. 


http://wgntv.com/2017/02/18/charges-filed-in-triple-shooting-that-killed-2-year-old-boy/


Dwyane Wade's cousin, Nykea Aldridge, was killed by two people who were both on parole for firearms crimes. She was shot in the head while she pushed her baby in a stroller. She was not the intended target.


These are a perfect examples of a repeat handgun offenders that would have been incarcerated under SB 1722 guidelines. All of these deaths were preventable but some of our elected officials are trying to block this effort. 

If you agree repeat firearms offenders have shown they are willing to continue to pose a danger to society it's worth calling your representatives. The bill is past it's third reading just waiting for enough votes.",['Roseland'],"['danger', 'robbery', 'shooting', 'assault']",4,Negative/Fear,0.761,20,2017,True,Female Perspective
Why don't people in this city care about police reform?,"I lived a block away from a police station on the north side for 25 years so I had multiple issues with police officers just because I happen to live in such close proximity to the police station and be outdoors.

A sampling in no particular order:

1) I was riding my bicycle at night and out of nowhere a speeding police car with its lights off intentionally sped into me to knock me off the road, throwing my body hard onto the cement curve.  The officer shone a flood light into my eyes, said they thought I was someone else, and sped away.  

2) I took the lakefront bike path to my bank job downtown for over two decades whenever it was warm enough outside.  One night on the way home the path was blocked by a police officer who told me to turn around.  When I asked what was going on the officer pulled his gun out of its holster and aimed it at my head.  He was fat and in his 50's and his face was bright red like a cartoon character with steam coming out of his ears which would have been funny if this crazy fuck wasn't pointing a loaded gun at my head.  His partner appeared out of nowhere, put his hands on his partner's gun hand, moved it to the side, apologized, and told me to just leave. Right now.

3) In the early 00's my stepfather had moved to Rogers Park a few miles away from me without my knowledge (we were not close) and was found dead in his apartment from smoke inhalation.  I found out about it from a friend who saw it on the news and called me at work.  I met his second ex-wife (who I knew nothing about because I hadn't seen my stepfather in more than a decade) at the wake and she wanted to have lunch with me which we did about a week later.  She told me that he had called her two days before his death completely panicked because he said someone was going to kill him.  She contacted CPD officers multiple times but they refused to take her statement and immediately closed my stepfather's case as an accidental death.

4) When my car was parked on the street across the street from the police station it was broken into.  The window was smashed, tape deak stolen, etc.  The desk sergeant at the police station refused to let me file a police report.

5) In 2012 while I was driving in the afternoon on Rogers which is a narrow street in Rogers Park that runs along the Metra train tracks a car sped out of an alley and drove straight into the front of my car.  I expected the driver to get out of his RV but instead he put his vehicle in reverse and sped away driving backwards at a very high speed.  I pursued him for about 4 blocks when he nearly ran over a young mother pushing a stroller and then I decided it was too dangerous and let him drive away.  But my smartphone was in a mount on the car window so I was able to get multiple photographs of the front of his vehicle including a clear view of his license plate.  I printed out the pictures, brought them into the police station about an hour later and again the on duty desk sergeant refused to let me file a police report.  When I asked why he said he didn't need to give me a reason and that if I didn't leave he would have me arrested for disturbing the peace (I was completely calm and never raised my voice because I know better than to give a CPD officer an excuse to beat me up or arrest me).  Charging people with disturbing the peace is the standard thing that CPD officers do when they want to arrest someone who isn't doing anything illegal.  If you question a CPD officer's conduct or irritate them they will inevitably arrest you for disturbing the peace or threaten to arrest you for disturbing the peace.  

6) My wallet was stolen by a pick pocket on the CTA Redline during rush hour when the car was so packed you could barely move because the CTA had run the three previous trains express past the stop I was at.  I tried to report the theft but the desk sergeant refused to allow me to file a police report.

7) About a month later I received statements from a bunch of stores where the person who stole my wallet had opened instant credit accounts.  I called all of the cards and told them I hadn't opened the accounts and was told by one that I needed to go to the police station, file a report number, and give it to them which I was thrilled about, obviously, given my previous experiences trying to file police reports in Chicago.

The desk sergeant this time was a female rookie officer but they had apparently schooled her on the fact that she wasn't supposed to accept police reports.  When I told her the credit company said they needed a report number she said no.  When I asked why she said I couldn't prove that I hadn't opened the accounts myself --which I'm pretty sure isn't a prerequisite for trying to report a crime in other cities.  She threatened to have me arrested for disturbing the peace if I didn't leave the station immediately.  I left her desk but stopped on my way to the door, made a speakerphone call to the creditor telling them they said I needed a police report but the police wouldn't let me file one so what was I supposed to do?  The desk sergeant let me file a police report.

I have a friend who does alarm installs and has a company owned van with power tools and ladders in the back.  At least once a year everyone on a job gets their van broken into at least once and some tools are stolen.  The company insists that the employees file a police report before reporting to their next job but if the break-in happened in Chicago successfully filing a police report can take half of the work day because they have to keep going to different area police stations until they find someone working who will let them file a police report.

When Jodi Weiss was police commander one of his most important reforms involved staffing.  Under the longtime system in Chicago officers are allowed to choose where they work based on seniority and the same number of officers are assigned to high crime areas as neighborhoods with barely any crime.  The latter makes no sense in terms of dealing with crime and the former results in officers with the least amount of experience and training always working in the areas with the most crime.

Jody Weiss decided that officers should be assigned where they were needed rather than where they wanted so there would actually be experienced officers working in high crime areas.  He also adjusted staffing so high crime areas were assigned more officers than low crime areas and created a roving force of officers who instead of being assigned to a specific precinct would be moved into different areas where crime was spiking.

Daley had hired Jody Weiss away from the FBI where he worked for 23 years and worked as the Deputy Assistant to the FBI Chief and as the head of the Philadelphia Field Office which is one of the largest in the country.  Weiss was highly regarded, knew what he was doing, and the CPD Union absolutely hated him.

They were especially incensed that veteran officers were being forced to work in high crime areas and risk their lives instead of being allowed to just sit in their cars eating donuts in low crime neighborhoods.  

Rahm Emanuel promised that Jody Weiss would go if the CPD Union supported his mayoral candidacy after Daley's retirement.  The union got to hand pick his successor and within 6 months the crime rate and murder rates in Chicago both exploded.

Chicago has a high crime rate because we have an absolutely terrible police force that refuses to do their jobs --not because mayors aren't tough on crime.  It's sad that so many people in the city actually buy that bullshit and don't understand what's really going on.

Keep in mind that Daley was corrupt as hell--he was about as far from being a reform politician as you could possibly get but the level of corruption and dysfunction at the CPD was too much even for him to stomach which is why he brought in Jody Weiss to try and fix the department.

In 2018 the CPD was placed under Federal Supervision because of corruption and civil rights violations (which was what Daley had been trying to avoid) and signed a Consent Decree that was supposed to create external oversight and enact multiple reforms and even that has done nothing to reform the Chicago Police Department.  Electing John Catanzara who was so openly corrupt that three consecutive police commanders tried to have him removed from the force and who had been stripped of his police powers as the head of the Union sent a very clear message about the state of reform at the CPD to anyone who bothered to pay attention.",AskChicago,114,1741709003.0,197,https://reddit.com/r/AskChicago/comments/1j8u8rz/why_dont_people_in_this_city_care_about_police/,"Why don't people in this city care about police reform? I lived a block away from a police station on the north side for 25 years so I had multiple issues with police officers just because I happen to live in such close proximity to the police station and be outdoors.

A sampling in no particular order:

1) I was riding my bicycle at night and out of nowhere a speeding police car with its lights off intentionally sped into me to knock me off the road, throwing my body hard onto the cement curve.  The officer shone a flood light into my eyes, said they thought I was someone else, and sped away.  

2) I took the lakefront bike path to my bank job downtown for over two decades whenever it was warm enough outside.  One night on the way home the path was blocked by a police officer who told me to turn around.  When I asked what was going on the officer pulled his gun out of its holster and aimed it at my head.  He was fat and in his 50's and his face was bright red like a cartoon character with steam coming out of his ears which would have been funny if this crazy fuck wasn't pointing a loaded gun at my head.  His partner appeared out of nowhere, put his hands on his partner's gun hand, moved it to the side, apologized, and told me to just leave. Right now.

3) In the early 00's my stepfather had moved to Rogers Park a few miles away from me without my knowledge (we were not close) and was found dead in his apartment from smoke inhalation.  I found out about it from a friend who saw it on the news and called me at work.  I met his second ex-wife (who I knew nothing about because I hadn't seen my stepfather in more than a decade) at the wake and she wanted to have lunch with me which we did about a week later.  She told me that he had called her two days before his death completely panicked because he said someone was going to kill him.  She contacted CPD officers multiple times but they refused to take her statement and immediately closed my stepfather's case as an accidental death.

4) When my car was parked on the street across the street from the police station it was broken into.  The window was smashed, tape deak stolen, etc.  The desk sergeant at the police station refused to let me file a police report.

5) In 2012 while I was driving in the afternoon on Rogers which is a narrow street in Rogers Park that runs along the Metra train tracks a car sped out of an alley and drove straight into the front of my car.  I expected the driver to get out of his RV but instead he put his vehicle in reverse and sped away driving backwards at a very high speed.  I pursued him for about 4 blocks when he nearly ran over a young mother pushing a stroller and then I decided it was too dangerous and let him drive away.  But my smartphone was in a mount on the car window so I was able to get multiple photographs of the front of his vehicle including a clear view of his license plate.  I printed out the pictures, brought them into the police station about an hour later and again the on duty desk sergeant refused to let me file a police report.  When I asked why he said he didn't need to give me a reason and that if I didn't leave he would have me arrested for disturbing the peace (I was completely calm and never raised my voice because I know better than to give a CPD officer an excuse to beat me up or arrest me).  Charging people with disturbing the peace is the standard thing that CPD officers do when they want to arrest someone who isn't doing anything illegal.  If you question a CPD officer's conduct or irritate them they will inevitably arrest you for disturbing the peace or threaten to arrest you for disturbing the peace.  

6) My wallet was stolen by a pick pocket on the CTA Redline during rush hour when the car was so packed you could barely move because the CTA had run the three previous trains express past the stop I was at.  I tried to report the theft but the desk sergeant refused to allow me to file a police report.

7) About a month later I received statements from a bunch of stores where the person who stole my wallet had opened instant credit accounts.  I called all of the cards and told them I hadn't opened the accounts and was told by one that I needed to go to the police station, file a report number, and give it to them which I was thrilled about, obviously, given my previous experiences trying to file police reports in Chicago.

The desk sergeant this time was a female rookie officer but they had apparently schooled her on the fact that she wasn't supposed to accept police reports.  When I told her the credit company said they needed a report number she said no.  When I asked why she said I couldn't prove that I hadn't opened the accounts myself --which I'm pretty sure isn't a prerequisite for trying to report a crime in other cities.  She threatened to have me arrested for disturbing the peace if I didn't leave the station immediately.  I left her desk but stopped on my way to the door, made a speakerphone call to the creditor telling them they said I needed a police report but the police wouldn't let me file one so what was I supposed to do?  The desk sergeant let me file a police report.

I have a friend who does alarm installs and has a company owned van with power tools and ladders in the back.  At least once a year everyone on a job gets their van broken into at least once and some tools are stolen.  The company insists that the employees file a police report before reporting to their next job but if the break-in happened in Chicago successfully filing a police report can take half of the work day because they have to keep going to different area police stations until they find someone working who will let them file a police report.

When Jodi Weiss was police commander one of his most important reforms involved staffing.  Under the longtime system in Chicago officers are allowed to choose where they work based on seniority and the same number of officers are assigned to high crime areas as neighborhoods with barely any crime.  The latter makes no sense in terms of dealing with crime and the former results in officers with the least amount of experience and training always working in the areas with the most crime.

Jody Weiss decided that officers should be assigned where they were needed rather than where they wanted so there would actually be experienced officers working in high crime areas.  He also adjusted staffing so high crime areas were assigned more officers than low crime areas and created a roving force of officers who instead of being assigned to a specific precinct would be moved into different areas where crime was spiking.

Daley had hired Jody Weiss away from the FBI where he worked for 23 years and worked as the Deputy Assistant to the FBI Chief and as the head of the Philadelphia Field Office which is one of the largest in the country.  Weiss was highly regarded, knew what he was doing, and the CPD Union absolutely hated him.

They were especially incensed that veteran officers were being forced to work in high crime areas and risk their lives instead of being allowed to just sit in their cars eating donuts in low crime neighborhoods.  

Rahm Emanuel promised that Jody Weiss would go if the CPD Union supported his mayoral candidacy after Daley's retirement.  The union got to hand pick his successor and within 6 months the crime rate and murder rates in Chicago both exploded.

Chicago has a high crime rate because we have an absolutely terrible police force that refuses to do their jobs --not because mayors aren't tough on crime.  It's sad that so many people in the city actually buy that bullshit and don't understand what's really going on.

Keep in mind that Daley was corrupt as hell--he was about as far from being a reform politician as you could possibly get but the level of corruption and dysfunction at the CPD was too much even for him to stomach which is why he brought in Jody Weiss to try and fix the department.

In 2018 the CPD was placed under Federal Supervision because of corruption and civil rights violations (which was what Daley had been trying to avoid) and signed a Consent Decree that was supposed to create external oversight and enact multiple reforms and even that has done nothing to reform the Chicago Police Department.  Electing John Catanzara who was so openly corrupt that three consecutive police commanders tried to have him removed from the force and who had been stripped of his police powers as the head of the Union sent a very clear message about the state of reform at the CPD to anyone who bothered to pay attention.",['Rogers Park'],"['avoid', 'dangerous', 'threatened', 'gun']",4,Negative/Fear,0.891,16,2025,False,Female Perspective
Editorial: City Council should reject proposed $1.25M settlement in Dexter Reed police shooting,"The City Council should not approve the proposed $1.25 million settlement to the survivors of Dexter Reed, shot dead last March by Chicago police after he opened fire on them.

This is not to say that all the actions surrounding the traffic stop of the 26-year-old Reed in Humboldt Park on that fateful day were appropriate and shouldn’t be second-guessed. A group of five officers, dressed not in uniform but in tactical clothing and gear, surrounded Reed’s car for reasons that remain unclear (and are still under investigation).

Ordered to get out of his car, Reed refused and instead rolled up his darkly tinted windows. The situation escalated quickly, with Reed shooting at the officers from inside his car and hitting one (thankfully not fatally). Officers opened fire in return, and Reed staggered out of his car and was shot to death.

The Civilian Office of Police Accountability, the agency that investigates allegations of police misconduct and recommends disciplinary action, released the horrifying video within a few weeks. Andrea Kersten, COPA’s chief administrator, then went on an ill-advised media tour in which she shared preliminary conclusions she’d drawn about what the officers had done wrong.

Reed’s family used much of the information Kersten provided in advance of completion of COPA’s investigation in the wrongful-death lawsuit they filed just a few months later. And now here we are, with a proposed settlement readied for council approval and COPA’s probe still not complete! The Finance Committee is scheduled to consider the matter Monday.

Much of the initial criticism of the cops focused on the number of shots they fired in rapid fashion — 96 bullets in 41 seconds, as numerous headlines trumpeted. But the family’s attorney now emphasizes the circumstances of the traffic stop itself, suggesting that an allegedly improper pretext for stopping Reed would have been the plaintiffs’ primary argument in favor of liability.

There are — and have been — reasonable debates to have about the Chicago Police Department’s use of pretextual stops (pulling over cars for minor infractions as a means to search for drugs, guns or both) in neighborhoods populated mainly by minorities. On this subject, CPD Superintendent Larry Snelling has agreed with the critics, at least in part, and has de-emphasized and reduced the number of such stops.

But, even if a stop isn’t justified, we all should be able to agree that police are within their rights to shoot back if someone they’ve pulled over shoots at them first. Police work in Chicago is extraordinarily hazardous duty in a city beset with firearms, many of which are illegally converted via cheap, easily obtainable gadgets into the equivalent of a machine gun.

Paying an excessively large settlement to the survivors of those killed after violently attacking cops sends a few unmistakable messages. In the more immediate sense, the message sent to the officers involved in the Reed shooting, who remain suspended while they await the outcome of COPA’s investigation and the departmental response, is that the city already considers them responsible. That’s inappropriate.

But, more broadly, the message delivered to all the other men and women on our streets putting their lives in jeopardy each day to try to make Chicago safer is that they put their livelihoods and reputations at risk when they use deadly force to protect themselves against someone shooting at them.

In November, Officer Enrique Martinez, responding to a call for help on the South Side, was shot to death from inside a car he had approached. Martinez lost his life in a hail of bullets from one of those illegally converted handguns.

You have to be a cop, or be a loved one of a cop, to understand the bravery required, and the fear that must be overcome, in order to walk up to a car in many Chicago neighborhoods and confront those inside the vehicle. Especially at night, as Martinez had to do.

The argument for settling with Dexter Reed’s family is that paying the costs of defense and risking a judgment might well cost taxpayers considerably more than $1.25 million. That sort of calculation is always a consideration in litigation against those perceived as having deep pockets, whether that’s the nation’s third-largest city or a corporation or a wealthy individual.

But this case strikes us as about more than money. Sometimes a principled stand is in order.

We have a Police Department that appears to be starting to get its footing back after cops were castigated in far too many corners of this city during the reckoning following George Floyd’s murder at the hands of a Minneapolis police officer in 2020. We seem to be heading toward an appropriate middle ground between “backing the blue” no matter the facts, which dominated for decades, and the “defund the police” madness that ensued in more recent times. Surely, it’s possible to hold police accountable for wrongdoing or terrible mistakes while also supporting them when they act reasonably in the face of mortal danger.

“Where is our line in the sand?” Ald. Anthony Napolitano, 41st, told the Chicago Sun-Times. “These officers were fired upon. One of them was hit. … You can’t Monday-morning-quarterback that. It’s next to impossible unless you’re gonna put robots on the street.”

When you shoot at police officers, you bear at least most of the responsibility for what happens next. And the next time police shoot and kill someone who shoots first at them, how will the city defend itself from that lawsuit, having capitulated in this one?

Since the mayor’s Law Department isn’t going to do it, the City Council should draw that line in the sand and reject the settlement.",chicago,311,1739117824.0,322,https://reddit.com/r/chicago/comments/1ili9ro/editorial_city_council_should_reject_proposed/,"Editorial: City Council should reject proposed $1.25M settlement in Dexter Reed police shooting The City Council should not approve the proposed $1.25 million settlement to the survivors of Dexter Reed, shot dead last March by Chicago police after he opened fire on them.

This is not to say that all the actions surrounding the traffic stop of the 26-year-old Reed in Humboldt Park on that fateful day were appropriate and shouldn’t be second-guessed. A group of five officers, dressed not in uniform but in tactical clothing and gear, surrounded Reed’s car for reasons that remain unclear (and are still under investigation).

Ordered to get out of his car, Reed refused and instead rolled up his darkly tinted windows. The situation escalated quickly, with Reed shooting at the officers from inside his car and hitting one (thankfully not fatally). Officers opened fire in return, and Reed staggered out of his car and was shot to death.

The Civilian Office of Police Accountability, the agency that investigates allegations of police misconduct and recommends disciplinary action, released the horrifying video within a few weeks. Andrea Kersten, COPA’s chief administrator, then went on an ill-advised media tour in which she shared preliminary conclusions she’d drawn about what the officers had done wrong.

Reed’s family used much of the information Kersten provided in advance of completion of COPA’s investigation in the wrongful-death lawsuit they filed just a few months later. And now here we are, with a proposed settlement readied for council approval and COPA’s probe still not complete! The Finance Committee is scheduled to consider the matter Monday.

Much of the initial criticism of the cops focused on the number of shots they fired in rapid fashion — 96 bullets in 41 seconds, as numerous headlines trumpeted. But the family’s attorney now emphasizes the circumstances of the traffic stop itself, suggesting that an allegedly improper pretext for stopping Reed would have been the plaintiffs’ primary argument in favor of liability.

There are — and have been — reasonable debates to have about the Chicago Police Department’s use of pretextual stops (pulling over cars for minor infractions as a means to search for drugs, guns or both) in neighborhoods populated mainly by minorities. On this subject, CPD Superintendent Larry Snelling has agreed with the critics, at least in part, and has de-emphasized and reduced the number of such stops.

But, even if a stop isn’t justified, we all should be able to agree that police are within their rights to shoot back if someone they’ve pulled over shoots at them first. Police work in Chicago is extraordinarily hazardous duty in a city beset with firearms, many of which are illegally converted via cheap, easily obtainable gadgets into the equivalent of a machine gun.

Paying an excessively large settlement to the survivors of those killed after violently attacking cops sends a few unmistakable messages. In the more immediate sense, the message sent to the officers involved in the Reed shooting, who remain suspended while they await the outcome of COPA’s investigation and the departmental response, is that the city already considers them responsible. That’s inappropriate.

But, more broadly, the message delivered to all the other men and women on our streets putting their lives in jeopardy each day to try to make Chicago safer is that they put their livelihoods and reputations at risk when they use deadly force to protect themselves against someone shooting at them.

In November, Officer Enrique Martinez, responding to a call for help on the South Side, was shot to death from inside a car he had approached. Martinez lost his life in a hail of bullets from one of those illegally converted handguns.

You have to be a cop, or be a loved one of a cop, to understand the bravery required, and the fear that must be overcome, in order to walk up to a car in many Chicago neighborhoods and confront those inside the vehicle. Especially at night, as Martinez had to do.

The argument for settling with Dexter Reed’s family is that paying the costs of defense and risking a judgment might well cost taxpayers considerably more than $1.25 million. That sort of calculation is always a consideration in litigation against those perceived as having deep pockets, whether that’s the nation’s third-largest city or a corporation or a wealthy individual.

But this case strikes us as about more than money. Sometimes a principled stand is in order.

We have a Police Department that appears to be starting to get its footing back after cops were castigated in far too many corners of this city during the reckoning following George Floyd’s murder at the hands of a Minneapolis police officer in 2020. We seem to be heading toward an appropriate middle ground between “backing the blue” no matter the facts, which dominated for decades, and the “defund the police” madness that ensued in more recent times. Surely, it’s possible to hold police accountable for wrongdoing or terrible mistakes while also supporting them when they act reasonably in the face of mortal danger.

“Where is our line in the sand?” Ald. Anthony Napolitano, 41st, told the Chicago Sun-Times. “These officers were fired upon. One of them was hit. … You can’t Monday-morning-quarterback that. It’s next to impossible unless you’re gonna put robots on the street.”

When you shoot at police officers, you bear at least most of the responsibility for what happens next. And the next time police shoot and kill someone who shoots first at them, how will the city defend itself from that lawsuit, having capitulated in this one?

Since the mayor’s Law Department isn’t going to do it, the City Council should draw that line in the sand and reject the settlement.",['Humboldt Park'],"['danger', 'fear', 'gun', 'shooting']",4,Negative/Fear,0.868,16,2025,False,Female Perspective
"Early 40s/F Fine Art Photographer, visiting Chicago Mid Sept. What should I remove/add/replace from my options?","Hi, Y'all. 

I'm a dark botanical photographer from Montreal, QC. Hoping you can provide some insight on my upcoming trip. I really love all kinds of art and anything weird or obscure, dive bars . I also love creative and delicious food/wine, local beer and a well made cocktail without sweetness.   
  
I'll be traveling solo mid-ish September and have been furiously Googling all the things I'd like to do and now I have the problem of too many things on my list.   
  
I'll be there for 5 days but leave on a Saturday, so I don't have a weekend in the city.  Mostly looking for things to cull from my list based on the following:

I'll be staying at a hostel near lincoln park. part of what I love about travelling is the temporary friends you make for the day/evening in bars, cafes, solo dining, etc.  
  
 I have 2 modes, one where I am super engaged and chatty and the other where I feel incredibly uncomfortable and want to crawl out of my skin and they largely depend on vibes of the people there. :)

 I'm in my early 40's (present a bit younger) and mildly witchy/alt/artsy (wear mostly dark or black clothing, tattoos, etc)  and am looking for places that are good for either talking to bartenders (during the day when they're not busy) or regulars that are friendly and welcoming in neighborhoods outside Lincoln Park. Would also love to talk to other artists/fine art photographers/creatives.

 I probably won't be doing late nights with heavy drinking, but would like to see local live acts close to my hostel (near Lincoln Park)

 For the evenings, I would, in large prefer to stay around the Lincoln Park area where I could walk back to my hostel, but if there's a spot I shouldn't miss or that's close to one of the restaurants on my list, I'm open.

These are the places/touristy stuff/shopping I have so far. Are there any things that I might have missed or should skip? 

Also, for any photographers, should I bother bringing a wide angle lens based on street configurations/architectural detail etc or will I be okay with a 55-250mm f/4-5.6? 

Based on the above, will I feel uncomfortable at any of the bars/restaurants on my list having a drink/dining alone?  

My list:

Tourist Stuff:

-Architectural boat tour (for the photography, open to alternatives)  
-MCA  
-Museum Of Contemporary Photography  
-Smart Museum of Art  
-Arts Club of Chicago  
-Addington Gallery  
-National Hellenic Museum  
-Trailside Museum of Natural History  
-The Insect Asylum  
-Medieval Torture Museum  
-Leather Archives &amp; Museum  
-Flower Conservatory and Lincoln Park  
-Graveface (love the one in Savannah)  
-The Field Museum (Very excited about this one)  
-Hoping I can also still get ice cream served by a puppet at the Sugar Hole



Dining Solo for Breakfast/lunch and dinner. 

Only two I know for sure I must go to are Tyzub and Indienne. Open for opinions to the rest.

  Not veg but am 'carry an EpiPen allergic' to crustaceans (not mollusks or fish) and prefer not having to ask for substitutions for tasting menus or worrying about potential accidents/contamination/hidden crustacean (nam phrik kapi, bouillabaisse, some fish stocks, etc)  :  
-Indienne  
-The Girl and the Goat  
-Tryzub Ukrainian Kitchen  
-Tanta  
-Alla Vita  
-Amaru   
-Bloom  
-Monteverde  
-Lula  
-Lou Malnati's Lincoln Park (because it's close and I need to say I did it.)  
-Colectivo Lincoln Park  
-Ada Street  
-The Gundis  
-Bocadillo Market  
-The Warbler  
-Etta  
-Ba-Ba-Reeba  
-Cedar Palace  
-Soloway  
-Dash Of Salt &amp; Pepper  
-Hexe  
-Kasama (worried about my allergy, though)  
-Black &amp; Caspian (mostly excited for the wine)

Shopping/Browsing/witching:  
-Sideshow Gallery  
-Mailway Bros (thinking about attending the tarot group while I'm there)  
-The Occult Bookstore ( hoping they have an occult society event happening)  
-Alchemy Arts Occult Supply  
mostly looking for a few occult/witchy/esoteric books/zines/decks printed locally you can't find outside Chicago or a small non herbal/non-border problem thing to bring back from the above 4.

-Wooly Mammoth  
-RR #1  
-Komoda  
-WolfBait &amp; B-Girls  
-Paperish Mess  
-Foursided  
-Una Maes  
-Lost Eras

Bars suggestions for places that have local indie rock bands for one night appreciated but love all music  
Would like to try Malort somewhere because I read it's both disgusting and delicious.

-The Hideout  
-The Drifter  
-AliveOne  
-Delilahs  
-Lily's Bar  
-Local Option  
-King Of Cups  
-Vaughans Pub  
-The Other Side Bar  
-Red Lion  
-Kingston Mines  
-J9  
-Barrel Wine &amp; Cheese  
-Black&amp;Caspian



TLDR: Please help me narrow down my choices. lol. I've only got 5 days in Chicago.



  ",AskChicago,0,1724252587.0,27,https://reddit.com/r/AskChicago/comments/1exrwnc/early_40sf_fine_art_photographer_visiting_chicago/,"Early 40s/F Fine Art Photographer, visiting Chicago Mid Sept. What should I remove/add/replace from my options? Hi, Y'all. 

I'm a dark botanical photographer from Montreal, QC. Hoping you can provide some insight on my upcoming trip. I really love all kinds of art and anything weird or obscure, dive bars . I also love creative and delicious food/wine, local beer and a well made cocktail without sweetness.   
  
I'll be traveling solo mid-ish September and have been furiously Googling all the things I'd like to do and now I have the problem of too many things on my list.   
  
I'll be there for 5 days but leave on a Saturday, so I don't have a weekend in the city.  Mostly looking for things to cull from my list based on the following:

I'll be staying at a hostel near lincoln park. part of what I love about travelling is the temporary friends you make for the day/evening in bars, cafes, solo dining, etc.  
  
 I have 2 modes, one where I am super engaged and chatty and the other where I feel incredibly uncomfortable and want to crawl out of my skin and they largely depend on vibes of the people there. :)

 I'm in my early 40's (present a bit younger) and mildly witchy/alt/artsy (wear mostly dark or black clothing, tattoos, etc)  and am looking for places that are good for either talking to bartenders (during the day when they're not busy) or regulars that are friendly and welcoming in neighborhoods outside Lincoln Park. Would also love to talk to other artists/fine art photographers/creatives.

 I probably won't be doing late nights with heavy drinking, but would like to see local live acts close to my hostel (near Lincoln Park)

 For the evenings, I would, in large prefer to stay around the Lincoln Park area where I could walk back to my hostel, but if there's a spot I shouldn't miss or that's close to one of the restaurants on my list, I'm open.

These are the places/touristy stuff/shopping I have so far. Are there any things that I might have missed or should skip? 

Also, for any photographers, should I bother bringing a wide angle lens based on street configurations/architectural detail etc or will I be okay with a 55-250mm f/4-5.6? 

Based on the above, will I feel uncomfortable at any of the bars/restaurants on my list having a drink/dining alone?  

My list:

Tourist Stuff:

-Architectural boat tour (for the photography, open to alternatives)  
-MCA  
-Museum Of Contemporary Photography  
-Smart Museum of Art  
-Arts Club of Chicago  
-Addington Gallery  
-National Hellenic Museum  
-Trailside Museum of Natural History  
-The Insect Asylum  
-Medieval Torture Museum  
-Leather Archives &amp; Museum  
-Flower Conservatory and Lincoln Park  
-Graveface (love the one in Savannah)  
-The Field Museum (Very excited about this one)  
-Hoping I can also still get ice cream served by a puppet at the Sugar Hole



Dining Solo for Breakfast/lunch and dinner. 

Only two I know for sure I must go to are Tyzub and Indienne. Open for opinions to the rest.

  Not veg but am 'carry an EpiPen allergic' to crustaceans (not mollusks or fish) and prefer not having to ask for substitutions for tasting menus or worrying about potential accidents/contamination/hidden crustacean (nam phrik kapi, bouillabaisse, some fish stocks, etc)  :  
-Indienne  
-The Girl and the Goat  
-Tryzub Ukrainian Kitchen  
-Tanta  
-Alla Vita  
-Amaru   
-Bloom  
-Monteverde  
-Lula  
-Lou Malnati's Lincoln Park (because it's close and I need to say I did it.)  
-Colectivo Lincoln Park  
-Ada Street  
-The Gundis  
-Bocadillo Market  
-The Warbler  
-Etta  
-Ba-Ba-Reeba  
-Cedar Palace  
-Soloway  
-Dash Of Salt &amp; Pepper  
-Hexe  
-Kasama (worried about my allergy, though)  
-Black &amp; Caspian (mostly excited for the wine)

Shopping/Browsing/witching:  
-Sideshow Gallery  
-Mailway Bros (thinking about attending the tarot group while I'm there)  
-The Occult Bookstore ( hoping they have an occult society event happening)  
-Alchemy Arts Occult Supply  
mostly looking for a few occult/witchy/esoteric books/zines/decks printed locally you can't find outside Chicago or a small non herbal/non-border problem thing to bring back from the above 4.

-Wooly Mammoth  
-RR #1  
-Komoda  
-WolfBait &amp; B-Girls  
-Paperish Mess  
-Foursided  
-Una Maes  
-Lost Eras

Bars suggestions for places that have local indie rock bands for one night appreciated but love all music  
Would like to try Malort somewhere because I read it's both disgusting and delicious.

-The Hideout  
-The Drifter  
-AliveOne  
-Delilahs  
-Lily's Bar  
-Local Option  
-King Of Cups  
-Vaughans Pub  
-The Other Side Bar  
-Red Lion  
-Kingston Mines  
-J9  
-Barrel Wine &amp; Cheese  
-Black&amp;Caspian



TLDR: Please help me narrow down my choices. lol. I've only got 5 days in Chicago.



  ",['Lincoln Park'],"['dark', 'alone', 'uncomfortable', 'worried']",4,Positive/Reassuring,0.955,15,2024,False,Female Perspective
How big of an issue is catcalling and sexual harassment?,"Hi everyone!  I am 20 (F) and from London. I'm planning to solo travel to Chicago sometime between late August and early September. After learning about the city, the architecture, cultural diversity and history, I'm excited to visit. I'm 100% sure I'd like to go and will be booking a flight soon. I'll be staying either in Lincoln Park, River North or Lakeview. 

Coming from a major city, I do experience catcalling regularly or men trying to talk to me particularly during the summer. I asked ChatGPT (I know I know ;-;) and it said that catcalling in Chicago is 'rare' and 'socially frowned upon' and only really 'very late at night, near busy transit hubs, if someone is drunk. And even then, it's usually mild and short'. I started researching and came across a few posts on the matter on this sub from years ago that greatly contradict this.

Currently, how prominent is catcalling within Chicago and how likely am I to experience it? I'm worried about this factor because in my home city it is a constant issue, I have really bad anxiety, am very shy and  have a very soft quiet voice that causes men to not take no for an answer. I don't want to endanger myself alone in another country. Is it necessary for me to carry pepper spray?

As women, it is incredibly uncomfortable and anxiety inducing to have to deal with this. :( Is it predominantly words or does it often escalate into following and touching? 

Thank you so much in advance, I look forward to experiencing your misunderstood and beautiful city. &lt;3 ",AskChicago,0,1767929278.0,29,https://reddit.com/r/AskChicago/comments/1q7xb92/how_big_of_an_issue_is_catcalling_and_sexual/,"How big of an issue is catcalling and sexual harassment? Hi everyone!  I am 20 (F) and from London. I'm planning to solo travel to Chicago sometime between late August and early September. After learning about the city, the architecture, cultural diversity and history, I'm excited to visit. I'm 100% sure I'd like to go and will be booking a flight soon. I'll be staying either in Lincoln Park, River North or Lakeview. 

Coming from a major city, I do experience catcalling regularly or men trying to talk to me particularly during the summer. I asked ChatGPT (I know I know ;-;) and it said that catcalling in Chicago is 'rare' and 'socially frowned upon' and only really 'very late at night, near busy transit hubs, if someone is drunk. And even then, it's usually mild and short'. I started researching and came across a few posts on the matter on this sub from years ago that greatly contradict this.

Currently, how prominent is catcalling within Chicago and how likely am I to experience it? I'm worried about this factor because in my home city it is a constant issue, I have really bad anxiety, am very shy and  have a very soft quiet voice that causes men to not take no for an answer. I don't want to endanger myself alone in another country. Is it necessary for me to carry pepper spray?

As women, it is incredibly uncomfortable and anxiety inducing to have to deal with this. :( Is it predominantly words or does it often escalate into following and touching? 

Thank you so much in advance, I look forward to experiencing your misunderstood and beautiful city. &lt;3 ","['River North', 'Lincoln Park', 'Lakeview']","['harassment', 'alone', 'uncomfortable', 'worried']",4,Positive/Reassuring,0.831,3,2026,True,Female Perspective
Just a reminder to stay vigilant and beware of scammers,"I feel like such a dumbass right now. I thought I've lived here long enough to avoid this type of thing but apparently not. Last night I was scammed, and there were a million red flags I should have noticed but didn't.

I was in the west loop area doing food deliveries, and a lady approached me. She was in tears and panicking, which was probably why I let my guard down. Also, I hate to admit it, but I also let my guard down because she was a young white woman, so her story seemed more believable.

She told me a story about how she lived far away, and she couldn't drive home because her friend was drunk. Red flag number one, she seemed perfectly sober so she could have driven. Also, her friend was nowhere to be seen. Nor was the taxi. 

She gave me her phone number so I could contact her, which really means nothing because she's obviously not replying to texts or calls. It was probably a throwaway number anyway. 

She said that the taxi required a cash deposit because she was traveling over thirty miles. Red flag number two, why would a taxi require cash if they accept cards?

I told her I didn't have any cash on me, which was true. She immediately pointed to the shop across the street that had an ATM sign. Red flag number three, she knew where the ATM was without hesitation.

She followed me inside, I used the ATM, of course it only gave multiples of 20, and she said the cash deposit was $65. Red flag number four, that's such an arbitrary number. And why couldn't she just withdraw the cash herself if she actually had money? Anyway, I withdrew $80 plus a $2 ATM fee. 

I gave her the cash, she said thank you, I saved her life, hugged me, the whole shebang, and I hopped on the L and we went our own ways.

The whole ordeal was FAST, so I wasn't processing things properly. I was also tired from work, plus it was dark and cold out. It wasn't until I sat down on the train and took a breath that I realized what really happened.

Moral of the story, don't be an idiot like me. Don't give money to strangers, ever, unless you're fully prepared to never get it back. Even if they're the nicest person in the worst situation, always offer to help some other way, or just don't help at all. You're not obligated to be a hero to everyone.

Edit: see /u/myroller comment below. It was the exact same woman. From Arizona, hairdresser, etc. What an absolute scumbag.",chicago,2,1548522962.0,22,https://reddit.com/r/chicago/comments/ak2rne/just_a_reminder_to_stay_vigilant_and_beware_of/,"Just a reminder to stay vigilant and beware of scammers I feel like such a dumbass right now. I thought I've lived here long enough to avoid this type of thing but apparently not. Last night I was scammed, and there were a million red flags I should have noticed but didn't.

I was in the west loop area doing food deliveries, and a lady approached me. She was in tears and panicking, which was probably why I let my guard down. Also, I hate to admit it, but I also let my guard down because she was a young white woman, so her story seemed more believable.

She told me a story about how she lived far away, and she couldn't drive home because her friend was drunk. Red flag number one, she seemed perfectly sober so she could have driven. Also, her friend was nowhere to be seen. Nor was the taxi. 

She gave me her phone number so I could contact her, which really means nothing because she's obviously not replying to texts or calls. It was probably a throwaway number anyway. 

She said that the taxi required a cash deposit because she was traveling over thirty miles. Red flag number two, why would a taxi require cash if they accept cards?

I told her I didn't have any cash on me, which was true. She immediately pointed to the shop across the street that had an ATM sign. Red flag number three, she knew where the ATM was without hesitation.

She followed me inside, I used the ATM, of course it only gave multiples of 20, and she said the cash deposit was $65. Red flag number four, that's such an arbitrary number. And why couldn't she just withdraw the cash herself if she actually had money? Anyway, I withdrew $80 plus a $2 ATM fee. 

I gave her the cash, she said thank you, I saved her life, hugged me, the whole shebang, and I hopped on the L and we went our own ways.

The whole ordeal was FAST, so I wasn't processing things properly. I was also tired from work, plus it was dark and cold out. It wasn't until I sat down on the train and took a breath that I realized what really happened.

Moral of the story, don't be an idiot like me. Don't give money to strangers, ever, unless you're fully prepared to never get it back. Even if they're the nicest person in the worst situation, always offer to help some other way, or just don't help at all. You're not obligated to be a hero to everyone.

Edit: see /u/myroller comment below. It was the exact same woman. From Arizona, hairdresser, etc. What an absolute scumbag.","['Loop', 'West Loop']","['followed', 'avoid', 'dark']",3,Negative/Fear,0.914,17,2019,False,Female Perspective
"Cool, safe neighborhoods to explore in","And by safe, I mean safe enough during the day where a 17 year old girl won't feel too out of place. I've walked around the loop and Oak Park(I know that's not a neighborhood, but close enough) and felt fine. Sorry if this has been asked before, I really want to explore some parts of the city, but I also don't want to be mugged or worse. 

Most of the time I have resting bitch face anyway, so I don't think I will look like a tourist unless I try really hard. I was thinking Pilsen or Chinatown, (the loop is the only part I know fairly well, so I don't think I would enjoy it) any recommendations? Preferably within walking distance of an L stop. 

Maybe the better question is what neighborhoods to avoid at all costs? I know Austin is dangerous, along with most of the western green stops, but any other super important dangerous neighborhoods?",chicago,0,1479870033.0,23,https://reddit.com/r/chicago/comments/5ef0x0/cool_safe_neighborhoods_to_explore_in/,"Cool, safe neighborhoods to explore in And by safe, I mean safe enough during the day where a 17 year old girl won't feel too out of place. I've walked around the loop and Oak Park(I know that's not a neighborhood, but close enough) and felt fine. Sorry if this has been asked before, I really want to explore some parts of the city, but I also don't want to be mugged or worse. 

Most of the time I have resting bitch face anyway, so I don't think I will look like a tourist unless I try really hard. I was thinking Pilsen or Chinatown, (the loop is the only part I know fairly well, so I don't think I would enjoy it) any recommendations? Preferably within walking distance of an L stop. 

Maybe the better question is what neighborhoods to avoid at all costs? I know Austin is dangerous, along with most of the western green stops, but any other super important dangerous neighborhoods?","['Loop', 'Pilsen', 'Austin', 'Chinatown']","['avoid', 'dangerous', 'mugged']",3,Neutral/Concern,0.452,3,2016,True,Female Perspective
Is it safe to visit Chicago given ICE?,"I am Chinese American and I plan to hang out on the Chinatown area.  My friend is telling me that I should avoid going to Chicago because ICE is targeting East Asians like me.  She is also telling me to carry my passport with me at all times in case I get detained.  I think she paranoid and I plan to go to Chicago’s Chinatown without my passport.  

Am I making the right choice by ignoring her?  Am I right to assume this fear of ICE is an exaggeration and I shouldn’t be afraid, especially since I’m an American citizen?  ",AskChicago,0,1768496958.0,42,https://reddit.com/r/AskChicago/comments/1qdpad9/is_it_safe_to_visit_chicago_given_ice/,"Is it safe to visit Chicago given ICE? I am Chinese American and I plan to hang out on the Chinatown area.  My friend is telling me that I should avoid going to Chicago because ICE is targeting East Asians like me.  She is also telling me to carry my passport with me at all times in case I get detained.  I think she paranoid and I plan to go to Chicago’s Chinatown without my passport.  

Am I making the right choice by ignoring her?  Am I right to assume this fear of ICE is an exaggeration and I shouldn’t be afraid, especially since I’m an American citizen?  ",['Chinatown'],"['avoid', 'afraid', 'fear']",3,Negative/Fear,0.692,17,2026,False,Female Perspective
Advice after Aug. robbery in Bucktown? To move or not to move...,"Hello! I'm coming to this sub for a bit of expert advice. I've been living in Chicago for a little over a year - first in Ukrainian Village (approx. Western + Iowa) for a year and moved to Bucktown in mid-July for a better commute and more safety. I'm from the East Coast and lived near Boston, MA for \~10 years before moving here for work. I've always tried to use street smarts and be vigilant but unfortunately, while my dad was visiting me from out of town, we experienced an armed robbery near my apartment in August. They took my wallet and I was unharmed but my dad was hit with the gun and beat up. It was terrifying. The police are involved but it's unlikely they'll find the perpetrators because there was little evidence left behind and we can't remember their faces plus there's no camera footage.

I've had a hard time getting back to normal life since then, especially because the crime surge has continued. I have a good support network but I don't feel safe going anywhere and I have intense anxiety about anyone visiting me. I'm on the edge of packing up and quitting Chicago. Before this, I was building a little life here. I sang in a chorus, went to art groups/events, hung out with friends, and went to networking things, explored the city, etc. but now none of that feels safe.

Right now I work in Fulton Market and commute to the office three times a week. My budget for rent  is \~$1600-1650 max for a one bedroom w/ office. I'm 29, female, and live alone. I'm lucky enough that I can travel back home for a while so maybe I can move to a new neighborhood and then take a break? Maybe moving quite a bit north would help? If you have the time, please let me know what you think. If you've experienced something similar, did you leave?

EDIT: Thank you for the kind and thoughtful responses. Editing this to say that I'm in therapy and have sought additional therapy to help with this experience. ",AskChicago,91,1696439200.0,56,https://reddit.com/r/AskChicago/comments/16zspab/advice_after_aug_robbery_in_bucktown_to_move_or/,"Advice after Aug. robbery in Bucktown? To move or not to move... Hello! I'm coming to this sub for a bit of expert advice. I've been living in Chicago for a little over a year - first in Ukrainian Village (approx. Western + Iowa) for a year and moved to Bucktown in mid-July for a better commute and more safety. I'm from the East Coast and lived near Boston, MA for \~10 years before moving here for work. I've always tried to use street smarts and be vigilant but unfortunately, while my dad was visiting me from out of town, we experienced an armed robbery near my apartment in August. They took my wallet and I was unharmed but my dad was hit with the gun and beat up. It was terrifying. The police are involved but it's unlikely they'll find the perpetrators because there was little evidence left behind and we can't remember their faces plus there's no camera footage.

I've had a hard time getting back to normal life since then, especially because the crime surge has continued. I have a good support network but I don't feel safe going anywhere and I have intense anxiety about anyone visiting me. I'm on the edge of packing up and quitting Chicago. Before this, I was building a little life here. I sang in a chorus, went to art groups/events, hung out with friends, and went to networking things, explored the city, etc. but now none of that feels safe.

Right now I work in Fulton Market and commute to the office three times a week. My budget for rent  is \~$1600-1650 max for a one bedroom w/ office. I'm 29, female, and live alone. I'm lucky enough that I can travel back home for a while so maybe I can move to a new neighborhood and then take a break? Maybe moving quite a bit north would help? If you have the time, please let me know what you think. If you've experienced something similar, did you leave?

EDIT: Thank you for the kind and thoughtful responses. Editing this to say that I'm in therapy and have sought additional therapy to help with this experience. ","['Bucktown', 'Ukrainian Village', 'Fulton Market']","['robbery', 'alone', 'gun']",3,Neutral/Concern,0.629,17,2023,False,Female Perspective
How do I get less anxious living in south Chicago for the first time?,"I just moved to Chicago (south Hyde Park/Woodlawn area) with some college friends, I wanted to be farther up north but they set a firm budget and time limit for apartments and ended up here. The apartment itself is fine, but I'm not really comfortable with the city yet.

This is my first apartment and I've been pretty sheltered so far, living in suburbs with my family or college dorms (and rarely venturing off campus). In theory, I really want to get out and explore new things in the big city, but I'm also very anxious and paranoid especially hearing lots of people talk about crime rates and such.

Especially in the area we're in, I've heard lots of people online say things like 'don't go south of 61st' or '63rd street is dangerous' or etc. I'm also a short, young, autistic woman, so I feel like my street smarts are not the best and feel vulnerable. Plus it feels weird being like one of the very few of white people I've seen in the area because I don't like standing out much.

So far, I've taken the 63rd bus and the red line from there to downtown and back (roommate showed me the route there but I had to go back alone). Walking downtown around Jackson and such was ok enough (Idk I only wandered a couple blocks around where I needed to be), but I felt pretty nervous at the bus stops and on the red line. I also walked to the Jewel on Cottage Grove with roommates once.

Does anyone have any sanity checks for how much I should really be worrying, how safe I am, etc? Any street smart tips or advice for public transport (etiquette, good/bad routes, etc)? Already been obsessively googling stuff lol (including from this sub) which might be making it worse, I don't want to spend all of my time in Chicago holed up in my apartment out of anxiety.

Sorry, I'm sure this sub is probably tired of safety-related questions but I didn't know where else to ask :( And heard that /r/Chicago can be a bit more fear-mongery sometimes from another thread here so wanted a more honest opinion.

Edit: Thanks everyone! I'll try to walk around the neighborhood more and try out the 6/Metra to see how I like those. Will probably just take some time getting used to it here and feeling more competent in city living.",AskChicago,78,1689123214.0,105,https://reddit.com/r/AskChicago/comments/14x95ir/how_do_i_get_less_anxious_living_in_south_chicago/,"How do I get less anxious living in south Chicago for the first time? I just moved to Chicago (south Hyde Park/Woodlawn area) with some college friends, I wanted to be farther up north but they set a firm budget and time limit for apartments and ended up here. The apartment itself is fine, but I'm not really comfortable with the city yet.

This is my first apartment and I've been pretty sheltered so far, living in suburbs with my family or college dorms (and rarely venturing off campus). In theory, I really want to get out and explore new things in the big city, but I'm also very anxious and paranoid especially hearing lots of people talk about crime rates and such.

Especially in the area we're in, I've heard lots of people online say things like 'don't go south of 61st' or '63rd street is dangerous' or etc. I'm also a short, young, autistic woman, so I feel like my street smarts are not the best and feel vulnerable. Plus it feels weird being like one of the very few of white people I've seen in the area because I don't like standing out much.

So far, I've taken the 63rd bus and the red line from there to downtown and back (roommate showed me the route there but I had to go back alone). Walking downtown around Jackson and such was ok enough (Idk I only wandered a couple blocks around where I needed to be), but I felt pretty nervous at the bus stops and on the red line. I also walked to the Jewel on Cottage Grove with roommates once.

Does anyone have any sanity checks for how much I should really be worrying, how safe I am, etc? Any street smart tips or advice for public transport (etiquette, good/bad routes, etc)? Already been obsessively googling stuff lol (including from this sub) which might be making it worse, I don't want to spend all of my time in Chicago holed up in my apartment out of anxiety.

Sorry, I'm sure this sub is probably tired of safety-related questions but I didn't know where else to ask :( And heard that /r/Chicago can be a bit more fear-mongery sometimes from another thread here so wanted a more honest opinion.

Edit: Thanks everyone! I'll try to walk around the neighborhood more and try out the 6/Metra to see how I like those. Will probably just take some time getting used to it here and feeling more competent in city living.","['Hyde Park', 'Woodlawn', 'South Chicago']","['dangerous', 'fear', 'alone']",3,Positive/Reassuring,0.478,0,2023,True,Female Perspective
Albany Park safety- bw Central Park/Sunnyside CP/Montrose,"Hi all, we’ve always wanted to live in Albany Park and we’d really like to buy a place that’s on Central Park Ave between Sunnyside and Montrose. But now I’m getting cold feet looking on Reddit threads about gang activity in the area on Drake and Ainslie for example which is just a few blocks away. I’ve also read that things get sketchy west of Kimball so that makes me nervous. 

I rent in Lakeview right now and work near Kedzie and Lawrence, but I’m not familiar with the Central Park/Sunnyside/Montrose part of AP so wanted to ask, is this an area that also has gang activity/ an area I should be avoiding? Is the crime really just block to block, or can it trickle into my block as well if it’s not already there? Would it be dangerous for me, as a female in my 30s, to walk my dog during the day/night, and walk 20 mins to/from work alone?

Thank you so much!",AskChicago,0,1713356404.0,2,https://reddit.com/r/AskChicago/comments/1c68e83/albany_park_safety_bw_central_parksunnyside/,"Albany Park safety- bw Central Park/Sunnyside CP/Montrose Hi all, we’ve always wanted to live in Albany Park and we’d really like to buy a place that’s on Central Park Ave between Sunnyside and Montrose. But now I’m getting cold feet looking on Reddit threads about gang activity in the area on Drake and Ainslie for example which is just a few blocks away. I’ve also read that things get sketchy west of Kimball so that makes me nervous. 

I rent in Lakeview right now and work near Kedzie and Lawrence, but I’m not familiar with the Central Park/Sunnyside/Montrose part of AP so wanted to ask, is this an area that also has gang activity/ an area I should be avoiding? Is the crime really just block to block, or can it trickle into my block as well if it’s not already there? Would it be dangerous for me, as a female in my 30s, to walk my dog during the day/night, and walk 20 mins to/from work alone?

Thank you so much!","['Lakeview', 'Albany Park']","['dangerous', 'alone', 'sketchy']",3,Negative/Fear,0.58,12,2024,False,Female Perspective
"If I have the money to live elsewhere, would moving to EGP be a bad idea?","Specifically the 3000 W block of Warren?  I have a friend who bought a house there a while back, and then ended up moving out of town.  She has been renting it since then, but is sick of being a landlord, and if she can't find someone to move in and watch the place she is going to sell it, since abandoned properties don't tend to fare too well in Chicago.  The house is gorgeous inside and out, but the location has me a touch worried. 

My primary motivation for moving to East Garfield Park is money, I'm not starving, but saving $700-800 a month on rent would really help me build up my savings, pay off my car/student loans, put something away, etc.  I'm aware the EGP is more dangerous that many of the neighborhoods that people outside of Chicago know for being dangerous, such as Englewood and Austin.  I'm street smart, but I'm afraid of being the target of random violence.

I've done all of the preliminary steps, such as checking out the neighborhood at different times of the day, I've spoken with the neighbors, and I've checked out the crime stats online.  EGP is undeniably dangerous, but the block doesn't seem too bad, and the neighbors were extremely friendly and welcoming.  I spoke with a cook county sheriff deputy who lived in the area and she said that it's nowhere near as dangerous as people outside the area think it is, but I've also spoken with beat cops who patrol the area who say they wouldn't move there if someone paid them a million dollars. 
 
**TL;DR:** I'm having trouble separating fact from fiction, and I need good reasons for or against living in East Garfield Park.  Will I feel like a prisoner in my own home if I move there?",chicago,6,1404863826.0,22,https://reddit.com/r/chicago/comments/2a6y71/if_i_have_the_money_to_live_elsewhere_would/,"If I have the money to live elsewhere, would moving to EGP be a bad idea? Specifically the 3000 W block of Warren?  I have a friend who bought a house there a while back, and then ended up moving out of town.  She has been renting it since then, but is sick of being a landlord, and if she can't find someone to move in and watch the place she is going to sell it, since abandoned properties don't tend to fare too well in Chicago.  The house is gorgeous inside and out, but the location has me a touch worried. 

My primary motivation for moving to East Garfield Park is money, I'm not starving, but saving $700-800 a month on rent would really help me build up my savings, pay off my car/student loans, put something away, etc.  I'm aware the EGP is more dangerous that many of the neighborhoods that people outside of Chicago know for being dangerous, such as Englewood and Austin.  I'm street smart, but I'm afraid of being the target of random violence.

I've done all of the preliminary steps, such as checking out the neighborhood at different times of the day, I've spoken with the neighbors, and I've checked out the crime stats online.  EGP is undeniably dangerous, but the block doesn't seem too bad, and the neighbors were extremely friendly and welcoming.  I spoke with a cook county sheriff deputy who lived in the area and she said that it's nowhere near as dangerous as people outside the area think it is, but I've also spoken with beat cops who patrol the area who say they wouldn't move there if someone paid them a million dollars. 
 
**TL;DR:** I'm having trouble separating fact from fiction, and I need good reasons for or against living in East Garfield Park.  Will I feel like a prisoner in my own home if I move there?","['Englewood', 'Garfield Park', 'East Garfield Park', 'Austin']","['dangerous', 'afraid', 'worried']",3,Neutral/Concern,0.437,23,2014,True,Female Perspective
Trying to move to Chicago with basically nothing and would love guidance(mainly for public transit),"Hello,I'm from Florida and I'm in a BAD point in life so I'm planning on moving to Chicago A.S.A.P,since C.O.L is crazy basically everywhere now I know the top 3(NYC,Chi,L.A)are equipped with services,better pay,transit,and etc so I aimed at them. I decided on Chicago since it seems like a split of both NYC and L.A(burb style homes in Chicagoland,city life in Chicago and Lake Michigan is honestly beautiful from pictures I've seen)better bang for buck(plus there's legit is not much difference/any difference in Chicago vs Jacksonville in 2023 rent wise...),and the people sound more authentic,even the homeless shelter I called there(Uptown Cornerstone)the lady was a personal/homely level nice vs business nice like I was getting in L.A when I was trying to get help(I actually got help PLUS more than I originally asked on the Chicago call vs the multiple calls/emails with L.A lol)

So since I have VERY limited funds to my name I don't plan on getting a bus to Chicago until I'm sure I have a job lined up(nothing major,minimum wage alone is good since I do ecommerce on the side and can actually blossom to my full potential now with income and vs before AND debts)so when I go I can live in a motel(s) and not be wasting money.The problem I'm having is I'm not used to public transit and don't know how to use them and since I have limited funds I don't want to just go there and try to learn it while paying to stay in a motel draining money.

&amp;#x200B;

I kind of figured out the busses due to me eyeing staying in the motel 6 in Schiller Park(I think I was on the Chicago's bus site and it showed it a bit with directions that I made up from there to figure out how this works),well while I was reading around on here I saw people say the trains are better since they are straight shots/no traffic and was wondering is there a way to learn how to use them?

&amp;#x200B;

I'm trying to learn as much as possible on transit before I go there because like I said when I go that means a job already accepted me so I'd like to atleast be in the ballpark of knowing so I can figure it out from there.Also if anybody has any extra pointers I may not have covered I'm all ears,especially if you have tips on housing with little to nothing to my name(not against the idea of homeless shelters in the slightest),like are there any kind of extended stays or motels that have better rates for long term living and areas to try and avoid as a new comer/trying to learn the city.

&amp;#x200B;

Thank You.",AskChicago,24,1693524860.0,64,https://reddit.com/r/AskChicago/comments/166qtfv/trying_to_move_to_chicago_with_basically_nothing/,"Trying to move to Chicago with basically nothing and would love guidance(mainly for public transit) Hello,I'm from Florida and I'm in a BAD point in life so I'm planning on moving to Chicago A.S.A.P,since C.O.L is crazy basically everywhere now I know the top 3(NYC,Chi,L.A)are equipped with services,better pay,transit,and etc so I aimed at them. I decided on Chicago since it seems like a split of both NYC and L.A(burb style homes in Chicagoland,city life in Chicago and Lake Michigan is honestly beautiful from pictures I've seen)better bang for buck(plus there's legit is not much difference/any difference in Chicago vs Jacksonville in 2023 rent wise...),and the people sound more authentic,even the homeless shelter I called there(Uptown Cornerstone)the lady was a personal/homely level nice vs business nice like I was getting in L.A when I was trying to get help(I actually got help PLUS more than I originally asked on the Chicago call vs the multiple calls/emails with L.A lol)

So since I have VERY limited funds to my name I don't plan on getting a bus to Chicago until I'm sure I have a job lined up(nothing major,minimum wage alone is good since I do ecommerce on the side and can actually blossom to my full potential now with income and vs before AND debts)so when I go I can live in a motel(s) and not be wasting money.The problem I'm having is I'm not used to public transit and don't know how to use them and since I have limited funds I don't want to just go there and try to learn it while paying to stay in a motel draining money.

&amp;#x200B;

I kind of figured out the busses due to me eyeing staying in the motel 6 in Schiller Park(I think I was on the Chicago's bus site and it showed it a bit with directions that I made up from there to figure out how this works),well while I was reading around on here I saw people say the trains are better since they are straight shots/no traffic and was wondering is there a way to learn how to use them?

&amp;#x200B;

I'm trying to learn as much as possible on transit before I go there because like I said when I go that means a job already accepted me so I'd like to atleast be in the ballpark of knowing so I can figure it out from there.Also if anybody has any extra pointers I may not have covered I'm all ears,especially if you have tips on housing with little to nothing to my name(not against the idea of homeless shelters in the slightest),like are there any kind of extended stays or motels that have better rates for long term living and areas to try and avoid as a new comer/trying to learn the city.

&amp;#x200B;

Thank You.",['Uptown'],"['avoid', 'alone']",2,Positive/Reassuring,0.94,23,2023,True,Female Perspective
"What areas should I avoid when looking for apartments in Roger's Park, and Edgewater?","I made a previous post saying that I work in Andersonville, live in the northwest suburbs, and I am trying to move to the city in order to make my commute easier. Rodgers Park, Edgewater, Andersonville and Ravenswood seems to be my best bet. I'm pretty familiar with Ravenswood and Andersonville, but l've heard some parts of Rodgers Park in Edgewater can be sketchy. What streets should l avoid looking around? I also prefer the CTA, but my roommate who is moving from another state wants a place that will allow her to take the train.
Some tips on what to look for would be nice.
Thanks!",AskChicago,0,1744054229.0,15,https://reddit.com/r/AskChicago/comments/1jttzt4/what_areas_should_i_avoid_when_looking_for/,"What areas should I avoid when looking for apartments in Roger's Park, and Edgewater? I made a previous post saying that I work in Andersonville, live in the northwest suburbs, and I am trying to move to the city in order to make my commute easier. Rodgers Park, Edgewater, Andersonville and Ravenswood seems to be my best bet. I'm pretty familiar with Ravenswood and Andersonville, but l've heard some parts of Rodgers Park in Edgewater can be sketchy. What streets should l avoid looking around? I also prefer the CTA, but my roommate who is moving from another state wants a place that will allow her to take the train.
Some tips on what to look for would be nice.
Thanks!","['Edgewater', 'Ravenswood', 'Andersonville']","['avoid', 'sketchy']",2,Neutral/Concern,0.553,19,2025,False,Female Perspective
Help me choose a neighborhood?,"Me (21NB) &amp; my girlfriend (22F) are looking to move to Chicago in the coming year, and are trying to figure out which neighborhood would be best to move to. We have plans to visit, but not much money to work with in order to do so. Unless we can find someone to stay with, we'll likely only get a few days. So, I'd like to narrow down my options as much as possible before then.

Both of us are trans, leftist, and working artists. Local art markets are a plus, but as we both work independently we don't have a set location for jobs. In general, having an art community to connect with others our fields is the most important thing.

REQUIREMENTS:
- Queer community. Bonus points if there's a big trans community
- Art/Indie film scene. 
- Walkable/Good public transit. Neither of us own a car and do not plan to.
- AFFORDABLE. This is the snag with most places we've looked at. Low cost of living is a must.

WANTS:
- Somewhere that skews younger.
- Access to movie theaters through public transit.
- Coffee shops, record stores, thrifting.
- Local music acts.
- A place where you can be social without drinking.

At this point, we're pretty torn between Logan Square and Rogers Park. I love the artsy hipster vibe and access to the blue line in Logan, but I'm worried about cost of living. I'm being priced out of my current city due to very rapid gentrification and would like to avoid a repeat of that. Rogers Park seems more on the sleepy &amp; family-oriented side, but is a lot less risky price-wise.

Thoughts? How would you compare the two, and are there any alternatives you'd recommend instead? Any particular areas that might fit what we're looking for? ",AskChicago,0,1734385984.0,43,https://reddit.com/r/AskChicago/comments/1hfunzi/help_me_choose_a_neighborhood/,"Help me choose a neighborhood? Me (21NB) &amp; my girlfriend (22F) are looking to move to Chicago in the coming year, and are trying to figure out which neighborhood would be best to move to. We have plans to visit, but not much money to work with in order to do so. Unless we can find someone to stay with, we'll likely only get a few days. So, I'd like to narrow down my options as much as possible before then.

Both of us are trans, leftist, and working artists. Local art markets are a plus, but as we both work independently we don't have a set location for jobs. In general, having an art community to connect with others our fields is the most important thing.

REQUIREMENTS:
- Queer community. Bonus points if there's a big trans community
- Art/Indie film scene. 
- Walkable/Good public transit. Neither of us own a car and do not plan to.
- AFFORDABLE. This is the snag with most places we've looked at. Low cost of living is a must.

WANTS:
- Somewhere that skews younger.
- Access to movie theaters through public transit.
- Coffee shops, record stores, thrifting.
- Local music acts.
- A place where you can be social without drinking.

At this point, we're pretty torn between Logan Square and Rogers Park. I love the artsy hipster vibe and access to the blue line in Logan, but I'm worried about cost of living. I'm being priced out of my current city due to very rapid gentrification and would like to avoid a repeat of that. Rogers Park seems more on the sleepy &amp; family-oriented side, but is a lot less risky price-wise.

Thoughts? How would you compare the two, and are there any alternatives you'd recommend instead? Any particular areas that might fit what we're looking for? ","['Logan Square', 'Rogers Park']","['avoid', 'worried']",2,Neutral/Concern,0.585,21,2024,True,Female Perspective
Why is Uptown/Edgewater dangerous? Or are crime maps lying to me?,"My significant other and I are planning on moving up north but all the best value spots that are in our price range seem to be in spots that aren't considered safe, and I'm worried for her safety. Can anyone speak to the safeness of these neighborhoods? Is it blown out of proportion or are there really problems up there? Thank you in advance to those who answer.",chicago,24,1461103147.0,80,https://reddit.com/r/chicago/comments/4fk0xf/why_is_uptownedgewater_dangerous_or_are_crime/,"Why is Uptown/Edgewater dangerous? Or are crime maps lying to me? My significant other and I are planning on moving up north but all the best value spots that are in our price range seem to be in spots that aren't considered safe, and I'm worried for her safety. Can anyone speak to the safeness of these neighborhoods? Is it blown out of proportion or are there really problems up there? Thank you in advance to those who answer.","['Edgewater', 'Uptown']","['dangerous', 'worried']",2,Negative/Fear,0.681,21,2016,True,Female Perspective
Chicago neighborhoods with bicycle infrastructure,"My wife and I are planning on moving into the city in March, and we've found some potential apartments, but there is one thing that I'm worried about; biking around the city. We are from Japan and riding bikes around where we lived was relatively easy and safe. But riding bikes in Chicago seems to be a lot more challenging. While there are some bike lanes, most of them are unprotected with a small strip in between the main road cars and other cars making right turns.  I tried driving in the city to get an idea of the driving habits of people, and honestly from the things I've witnessed, I'm so worried about the safety of my wife if she decides to ride a bike.

It seems like cars don't obey any of the rules. Even today, I had to go into the city, and while waiting at a red light, a car literally made a left turn on red and almost hit a pedestrian crossing the street.The area we are considering is between the south and west loop, near Lasalle Street. By bike, there are a couple of grocery stores only 5-10 minutes away, but walking takes about 20 minutes.

The issue is the area doesn't have bike lines. In Chicago, I know it's illegal to ride on sidewalks, but riding in the street seems even more dangerous.Do you have any recommendations for places to live in the city that have safer infrastructure for bikes?We are open to any part of Chicago as long as it's safe, however, we would like to be close to some grocery markets (Target, Trader Joe's, etc). We also found an Asian market called Gangnam Market, and she likes that grocery store since it has most of the ingredients we need for cooking.

Any help would be greatly appreciated.

Thank You :)

&amp;#x200B;

Update: 1/9/24

I wanted to say thank you to everyone who responded to my post. My wife and I were really surprised by how many people were willing to help us. We stayed up late researching additional places in Logan Square, Wicker Park, Bucktown, and Lincoln Park.

From the places we saw online and a combination of Google Maps, the Logan Square/Wicker Park area has a nice homey feel, along with some nice bike lanes. Plus it's pretty close Joong Boo and Gangnam Market by bike and train. Gonna scout the area over the weekend to get a better feel of the area.

We realize that Chicago will not come close to what we are used to in Japan, but finding a middle ground is good enough for us.",AskChicago,44,1704766989.0,36,https://reddit.com/r/AskChicago/comments/1923fqj/chicago_neighborhoods_with_bicycle_infrastructure/,"Chicago neighborhoods with bicycle infrastructure My wife and I are planning on moving into the city in March, and we've found some potential apartments, but there is one thing that I'm worried about; biking around the city. We are from Japan and riding bikes around where we lived was relatively easy and safe. But riding bikes in Chicago seems to be a lot more challenging. While there are some bike lanes, most of them are unprotected with a small strip in between the main road cars and other cars making right turns.  I tried driving in the city to get an idea of the driving habits of people, and honestly from the things I've witnessed, I'm so worried about the safety of my wife if she decides to ride a bike.

It seems like cars don't obey any of the rules. Even today, I had to go into the city, and while waiting at a red light, a car literally made a left turn on red and almost hit a pedestrian crossing the street.The area we are considering is between the south and west loop, near Lasalle Street. By bike, there are a couple of grocery stores only 5-10 minutes away, but walking takes about 20 minutes.

The issue is the area doesn't have bike lines. In Chicago, I know it's illegal to ride on sidewalks, but riding in the street seems even more dangerous.Do you have any recommendations for places to live in the city that have safer infrastructure for bikes?We are open to any part of Chicago as long as it's safe, however, we would like to be close to some grocery markets (Target, Trader Joe's, etc). We also found an Asian market called Gangnam Market, and she likes that grocery store since it has most of the ingredients we need for cooking.

Any help would be greatly appreciated.

Thank You :)

&amp;#x200B;

Update: 1/9/24

I wanted to say thank you to everyone who responded to my post. My wife and I were really surprised by how many people were willing to help us. We stayed up late researching additional places in Logan Square, Wicker Park, Bucktown, and Lincoln Park.

From the places we saw online and a combination of Google Maps, the Logan Square/Wicker Park area has a nice homey feel, along with some nice bike lanes. Plus it's pretty close Joong Boo and Gangnam Market by bike and train. Gonna scout the area over the weekend to get a better feel of the area.

We realize that Chicago will not come close to what we are used to in Japan, but finding a middle ground is good enough for us.","['Loop', 'Lincoln Park', 'Wicker Park', 'Bucktown', 'Logan Square', 'West Loop']","['dangerous', 'worried']",2,Neutral/Concern,0.505,2,2024,True,Female Perspective
How dangerous is it for a woman to run alone?,"Hi neighbors! At the risk of sounding dumb, I’m wondering how safe you think it is for a woman to run alone at sunrise and after sunset (like 10pm or so) around the Irving Park area. Or if there’s safer places I can go run outside at those hours? Help a girl get her workout in 🤍",AskChicago,0,1721358534.0,54,https://reddit.com/r/AskChicago/comments/1e6tq7i/how_dangerous_is_it_for_a_woman_to_run_alone/,"How dangerous is it for a woman to run alone? Hi neighbors! At the risk of sounding dumb, I’m wondering how safe you think it is for a woman to run alone at sunrise and after sunset (like 10pm or so) around the Irving Park area. Or if there’s safer places I can go run outside at those hours? Help a girl get her workout in 🤍",['Irving Park'],"['dangerous', 'alone']",2,Negative/Fear,0.525,3,2024,True,Female Perspective
"Is it suicide to move to a neighborhood like Woodlawn, Englewood, or Chatham?","I live in AZ currently, and I have a high standard of living and low expenses.  My wife and I are moving to Chicago soon, and I've been researching real estate.  This is what I've found:
 
1.  Living anywhere near downtown is basically impossible.  If the price tag doesn't ruin you, the taxes will.  I'm not saying it's not worth it, it's just that we're not wealthy.
 
Living North of the loop, prices stay relatively outrageous until you get up near O'Hare.  The reason for this seems to be the low crime rate.  It seems like I can afford to live in a garden unit of some buildings, but even then, I'm still at the top of my price range.
 
2.  Living South of the loop gets hairy... fast.  The prices are much more reasonable, but according to the various crime data maps, these are much more dangerous areas.  Additionally, they don't offer the type of lifestyle we would like (walking to restaurants and groceries. Very little driving.)
 
3.  Super far south, we could live in a mansion (literally) and almost buy it cash.  Taxes are low.  We would have access to both the Green and Red lines as well as a garage for our car(s). And the crime stats are scary.

How do you feel about your city being so segregated this way?  Do you feel like there is any hope for changing this situation?  Does anyone here live in the Southern part of the city?  Would we be naive to move to a bungalow in the southern part of the city?",chicago,13,1370905799.0,48,https://reddit.com/r/chicago/comments/1g2vhg/is_it_suicide_to_move_to_a_neighborhood_like/,"Is it suicide to move to a neighborhood like Woodlawn, Englewood, or Chatham? I live in AZ currently, and I have a high standard of living and low expenses.  My wife and I are moving to Chicago soon, and I've been researching real estate.  This is what I've found:
 
1.  Living anywhere near downtown is basically impossible.  If the price tag doesn't ruin you, the taxes will.  I'm not saying it's not worth it, it's just that we're not wealthy.
 
Living North of the loop, prices stay relatively outrageous until you get up near O'Hare.  The reason for this seems to be the low crime rate.  It seems like I can afford to live in a garden unit of some buildings, but even then, I'm still at the top of my price range.
 
2.  Living South of the loop gets hairy... fast.  The prices are much more reasonable, but according to the various crime data maps, these are much more dangerous areas.  Additionally, they don't offer the type of lifestyle we would like (walking to restaurants and groceries. Very little driving.)
 
3.  Super far south, we could live in a mansion (literally) and almost buy it cash.  Taxes are low.  We would have access to both the Green and Red lines as well as a garage for our car(s). And the crime stats are scary.

How do you feel about your city being so segregated this way?  Do you feel like there is any hope for changing this situation?  Does anyone here live in the Southern part of the city?  Would we be naive to move to a bungalow in the southern part of the city?","['Loop', 'Woodlawn', 'Englewood', 'Chatham']","['scary', 'dangerous']",2,Neutral/Concern,0.45,23,2013,True,Female Perspective
Is it safe to visit in early November with growing ICE presence?,"I’m visiting Chicago for the first time in November with my wife and my best friend. I’m white but my wife is Desi and my best friend is Mexican. We’re all natural born citizens and have passports and such, but I’ve been reading a lot about Chicago and I’ve been pretty worried about them with ICE, reading how they’ve even been detaining citizens.

Now our hotel is on the Magnificent Mile which I’m sure is very touristy and ICE might not have much of a presence there, but what do you think we should do? Are there any areas to avoid?

Thanks for the help!",AskChicago,0,1760740265.0,16,https://reddit.com/r/AskChicago/comments/1o9f99k/is_it_safe_to_visit_in_early_november_with/,"Is it safe to visit in early November with growing ICE presence? I’m visiting Chicago for the first time in November with my wife and my best friend. I’m white but my wife is Desi and my best friend is Mexican. We’re all natural born citizens and have passports and such, but I’ve been reading a lot about Chicago and I’ve been pretty worried about them with ICE, reading how they’ve even been detaining citizens.

Now our hotel is on the Magnificent Mile which I’m sure is very touristy and ICE might not have much of a presence there, but what do you think we should do? Are there any areas to avoid?

Thanks for the help!",['Magnificent Mile'],"['avoid', 'worried']",2,Negative/Fear,0.597,22,2025,True,Female Perspective
Logan Square/Wicker Park Neighborhoods,"I’m thinking of moving to one of those areas this spring. Since I’ve visited the areas only a few times, I’m not very familiar with them. Are there any areas in those neighborhoods that a woman should avoid or are there any places that are sketchier than others? I’ll definitely have some common sense and avoid obvious bad places, and won’t walk alone at night, but I’d appreciate any insights from someone who has lived in those neighborhoods. Thanks!",AskChicago,2,1674652232.0,17,https://reddit.com/r/AskChicago/comments/10ky9yu/logan_squarewicker_park_neighborhoods/,"Logan Square/Wicker Park Neighborhoods I’m thinking of moving to one of those areas this spring. Since I’ve visited the areas only a few times, I’m not very familiar with them. Are there any areas in those neighborhoods that a woman should avoid or are there any places that are sketchier than others? I’ll definitely have some common sense and avoid obvious bad places, and won’t walk alone at night, but I’d appreciate any insights from someone who has lived in those neighborhoods. Thanks!","['Wicker Park', 'Logan Square']","['avoid', 'alone']",2,Neutral/Concern,0.543,13,2023,False,Female Perspective
"Solo female going on a trip to Chicago next week, tips?","I (20F) am going on a solo trip to Chicago next week (01/12-01/14) from Boston. I am flying into O’Hare, will not have a car with me, and am staying in the Loop. I wanted to ask if anyone had any tips about how to dress, what to pack, safety tips, things to do, etc. I am going to the Blackhawks game 01/12 and my must see/do’s are Millennium Park, the art museum, and some kind of skyline viewing experience. 

The biggest thing I’m worried about is traveling alone (walking and public transportation), having a purse with me, and dressing and packing appropriately for the weather. I am used to cold and wind having lived in Boston my whole life, but I can’t compare it to Chicago because it’ll be my first time visiting. I just want to make sure I’m prepared as this is also my first solo trip! Thank you all in advance!! ",AskChicago,0,1767611384.0,34,https://reddit.com/r/AskChicago/comments/1q4iyt5/solo_female_going_on_a_trip_to_chicago_next_week/,"Solo female going on a trip to Chicago next week, tips? I (20F) am going on a solo trip to Chicago next week (01/12-01/14) from Boston. I am flying into O’Hare, will not have a car with me, and am staying in the Loop. I wanted to ask if anyone had any tips about how to dress, what to pack, safety tips, things to do, etc. I am going to the Blackhawks game 01/12 and my must see/do’s are Millennium Park, the art museum, and some kind of skyline viewing experience. 

The biggest thing I’m worried about is traveling alone (walking and public transportation), having a purse with me, and dressing and packing appropriately for the weather. I am used to cold and wind having lived in Boston my whole life, but I can’t compare it to Chicago because it’ll be my first time visiting. I just want to make sure I’m prepared as this is also my first solo trip! Thank you all in advance!! ","['Loop', 'Millennium Park']","['alone', 'worried']",2,Neutral/Concern,0.494,11,2026,False,Female Perspective
Is the chicago loop safe for solo travel for a young female?,"Its my first time staying in Chicago overnight in general and I'm staying in the Chicago loop because I'm seeing a ballet at the orchestra building which i figured would be walking distance, but im just nervous about sex trafficking and if that area is unsafe. I've driven through it before when I went to a concert at the united center but I would just like some insight because I am a 20 year old female going alone. ",AskChicago,0,1764546725.0,26,https://reddit.com/r/AskChicago/comments/1paxf1p/is_the_chicago_loop_safe_for_solo_travel_for_a/,"Is the chicago loop safe for solo travel for a young female? Its my first time staying in Chicago overnight in general and I'm staying in the Chicago loop because I'm seeing a ballet at the orchestra building which i figured would be walking distance, but im just nervous about sex trafficking and if that area is unsafe. I've driven through it before when I went to a concert at the united center but I would just like some insight because I am a 20 year old female going alone. ",['Loop'],"['unsafe', 'alone']",2,Negative/Fear,0.671,23,2025,True,Female Perspective
New to the city: Woman commuting at 5.45am -- is this a good idea?,"Hi Chicago! I have another ""should I live in this neighborhood"" question you guys love to answer -- sorry! I'm going to be working by Willis/Sears Tower for a few months (January - April) and I wanted to ask about two areas in regard to early morning safety. I'm a late 20s woman and I've found a sub-lease at N Clybourn &amp; Webster. I know Lincoln Park is generally considered safe, but I need to be at the office by 6.30am and I'm a little concerned. I've been to Chicago a few times on holiday (freaking love the city and hope to move permanently one day), but I'm not super familiar with the area and the public transportation is kind of lacking in the immediate vicinity. 

Google Maps tells me I have three options, all leaving between 5.45a-6am, total commute time 32-42 minutes:

1). Walk ~20 minutes to Armitage &amp; Sheffield and take the Brown Line to Quincy &amp; Adams. There's a Starbucks that will be open on Armitage, which makes me feel better, but there's not a whole lot of stuff between the apartment and it.

2). Walk ~6 minutes across the bridge to Ashland &amp; Webster and hop on the 9 bus. Change at Harrison &amp; Ashland (5 minute wait), drops me off right outside the office. The street view looks a bit sketchy/empty around Ashland, especically where the bus stop is. 

3). Walk ~6 to Fullerton &amp; Greenview for the 74 bus. Change at Fullerton &amp; Sheffield (5 minute wait) for the 37 bus, drops me off ~4 minutes away from the office. Fullerton &amp; Greenview has a lot more businesses, but they won't be open at that time. 

Any thoughts on which option I should take?  Will the cold weather deter a lot of potential threats? I hate running, and I really hate running when there's ice. Am I completely overthinking it? OR should I look somewhere near DePaul/Fullerton/Diversey in LP and hop on the Brown Line from there? I used to live in San Francisco with similar early hours, but I knew that city really well and which streets to avoid, etc. I've been living in ridiculously safe cities for the past few years and feel like I've lost a bit of my street-smart intuition. Any insight to soothe my neurotic and over-prepared personality is greatly appreciated. :) 

Thanks!

",chicago,6,1472065751.0,20,https://reddit.com/r/chicago/comments/4ze805/new_to_the_city_woman_commuting_at_545am_is_this/,"New to the city: Woman commuting at 5.45am -- is this a good idea? Hi Chicago! I have another ""should I live in this neighborhood"" question you guys love to answer -- sorry! I'm going to be working by Willis/Sears Tower for a few months (January - April) and I wanted to ask about two areas in regard to early morning safety. I'm a late 20s woman and I've found a sub-lease at N Clybourn &amp; Webster. I know Lincoln Park is generally considered safe, but I need to be at the office by 6.30am and I'm a little concerned. I've been to Chicago a few times on holiday (freaking love the city and hope to move permanently one day), but I'm not super familiar with the area and the public transportation is kind of lacking in the immediate vicinity. 

Google Maps tells me I have three options, all leaving between 5.45a-6am, total commute time 32-42 minutes:

1). Walk ~20 minutes to Armitage &amp; Sheffield and take the Brown Line to Quincy &amp; Adams. There's a Starbucks that will be open on Armitage, which makes me feel better, but there's not a whole lot of stuff between the apartment and it.

2). Walk ~6 minutes across the bridge to Ashland &amp; Webster and hop on the 9 bus. Change at Harrison &amp; Ashland (5 minute wait), drops me off right outside the office. The street view looks a bit sketchy/empty around Ashland, especically where the bus stop is. 

3). Walk ~6 to Fullerton &amp; Greenview for the 74 bus. Change at Fullerton &amp; Sheffield (5 minute wait) for the 37 bus, drops me off ~4 minutes away from the office. Fullerton &amp; Greenview has a lot more businesses, but they won't be open at that time. 

Any thoughts on which option I should take?  Will the cold weather deter a lot of potential threats? I hate running, and I really hate running when there's ice. Am I completely overthinking it? OR should I look somewhere near DePaul/Fullerton/Diversey in LP and hop on the Brown Line from there? I used to live in San Francisco with similar early hours, but I knew that city really well and which streets to avoid, etc. I've been living in ridiculously safe cities for the past few years and feel like I've lost a bit of my street-smart intuition. Any insight to soothe my neurotic and over-prepared personality is greatly appreciated. :) 

Thanks!

",['Lincoln Park'],"['avoid', 'sketchy']",2,Neutral/Concern,0.561,19,2016,False,Female Perspective
How bad is the red line really?,"I live in andersonville and just recently got a job in river north, and I will have to take the red line alone to get to work every day. I have been hearing absolute horror stories and how you will pretty much have someone threaten you or have something bad happen if you take the red line frequently. I asked one of my friends who is from chicago and she said as long as you don’t go on it at night I will be fine, and it’s a 9-5 job so I don’t think that will be a problem but I worry about the time change when it will be dark when I get off work. I bring my taser with me everywhere and plan on getting mace as well, but is it really that bad? I went and visited the office today and took the red line around 1 and did NOT know to not sit in the last car and did both going there and coming back, and nothing seemed out of the ordinary. I moved here from Alabama so I have no experience with this. If someone does try to come up to me and bother me what would be your best advice on how to handle that situation? Ignore them? Tell them to fuck off? What about if someone tries to follow me? ",AskChicago,0,1757199912.0,96,https://reddit.com/r/AskChicago/comments/1nadjta/how_bad_is_the_red_line_really/,"How bad is the red line really? I live in andersonville and just recently got a job in river north, and I will have to take the red line alone to get to work every day. I have been hearing absolute horror stories and how you will pretty much have someone threaten you or have something bad happen if you take the red line frequently. I asked one of my friends who is from chicago and she said as long as you don’t go on it at night I will be fine, and it’s a 9-5 job so I don’t think that will be a problem but I worry about the time change when it will be dark when I get off work. I bring my taser with me everywhere and plan on getting mace as well, but is it really that bad? I went and visited the office today and took the red line around 1 and did NOT know to not sit in the last car and did both going there and coming back, and nothing seemed out of the ordinary. I moved here from Alabama so I have no experience with this. If someone does try to come up to me and bother me what would be your best advice on how to handle that situation? Ignore them? Tell them to fuck off? What about if someone tries to follow me? ","['River North', 'Andersonville']","['dark', 'alone']",2,Negative/Fear,0.74,23,2025,True,Female Perspective
Help with Itinerary? Plus mini rant,"Hi guys! I'mma be in Chicago from August 15 to 18 and I'm pretty excited. I've never been so I'm trying to plan my visit. So far I have:

8/15:

Arrive in Chicago around 2PM. Maybe have dinner at John Hancock tower after check in at the hotel (downtown area) and settling in.

8/16:

Breakfast (was recced Yolk South Loop) and then Field Museum from about 10 AM - 2 PM. Have Lunch somewhere around the museum. Visit Lincoln Park. And maybe go to the Cubs game at 7 PM.

8/17:

Breakfast (undecided) then Millenium Park in the morning. Was recced Oasis cafe for lunch. Do the magnificent mile + riverwalk. And I booked the Architecture River Cruise at 7:30 PM.

8/18:

Having breakfast with a friend (undecided where) and then going to the airport.

Alright, now for the mini rant. I'm currently living in LA. I'm very excited for this trip because Chicago is a city that I've been considering moving to in a couple of years, after I finish my degree here and am able to apply for better jobs. Soooo many LA people keep fearmongering me about the dangers of Chicago and how violent it is. Some are even trying to talk me out of the trip. 

I understand that, but from what I've seen I'm not going to visit any particularly dangerous part of Chicago. Also... I'm from Brazil lol. I've spent half of my life living in Rio, a city where there's no real such thing as a ""safe"" neighborhood. I lived in a neighborhood that had FOUR favelas. I know how to operate in dangerous places. I know to not use my phone in public, be aware of my surroundings, trust my gut, not wear jewelry, stay in crowded areas, wear any bags across the chest etc. Also, LA has plenty of unsafe areas too. I've never had a problem navigating them. When I mentioned my trip to my manager she just gave me a side-eye and said ""be careful."" Another girl keeps telling me I'm gonna get murdered every time I mention my trip. I'd be lying if I said it didn't bum me out because I'm excited but there's few people to share the excitement with.

Also, last thing. I love thrift shopping so if anyone has any thrift shop recommendations around the downtown area lemme know. Thanks! 

&amp;#x200B;",AskChicago,26,1690484274.0,106,https://reddit.com/r/AskChicago/comments/15ba6in/help_with_itinerary_plus_mini_rant/,"Help with Itinerary? Plus mini rant Hi guys! I'mma be in Chicago from August 15 to 18 and I'm pretty excited. I've never been so I'm trying to plan my visit. So far I have:

8/15:

Arrive in Chicago around 2PM. Maybe have dinner at John Hancock tower after check in at the hotel (downtown area) and settling in.

8/16:

Breakfast (was recced Yolk South Loop) and then Field Museum from about 10 AM - 2 PM. Have Lunch somewhere around the museum. Visit Lincoln Park. And maybe go to the Cubs game at 7 PM.

8/17:

Breakfast (undecided) then Millenium Park in the morning. Was recced Oasis cafe for lunch. Do the magnificent mile + riverwalk. And I booked the Architecture River Cruise at 7:30 PM.

8/18:

Having breakfast with a friend (undecided where) and then going to the airport.

Alright, now for the mini rant. I'm currently living in LA. I'm very excited for this trip because Chicago is a city that I've been considering moving to in a couple of years, after I finish my degree here and am able to apply for better jobs. Soooo many LA people keep fearmongering me about the dangers of Chicago and how violent it is. Some are even trying to talk me out of the trip. 

I understand that, but from what I've seen I'm not going to visit any particularly dangerous part of Chicago. Also... I'm from Brazil lol. I've spent half of my life living in Rio, a city where there's no real such thing as a ""safe"" neighborhood. I lived in a neighborhood that had FOUR favelas. I know how to operate in dangerous places. I know to not use my phone in public, be aware of my surroundings, trust my gut, not wear jewelry, stay in crowded areas, wear any bags across the chest etc. Also, LA has plenty of unsafe areas too. I've never had a problem navigating them. When I mentioned my trip to my manager she just gave me a side-eye and said ""be careful."" Another girl keeps telling me I'm gonna get murdered every time I mention my trip. I'd be lying if I said it didn't bum me out because I'm excited but there's few people to share the excitement with.

Also, last thing. I love thrift shopping so if anyone has any thrift shop recommendations around the downtown area lemme know. Thanks! 

&amp;#x200B;","['Loop', 'Lincoln Park', 'Magnificent Mile', 'South Loop']","['unsafe', 'dangerous']",2,Positive/Reassuring,0.952,18,2023,False,Female Perspective
What are our neighbors talking about? (19-Feb - 26-Feb Edition),"##Hello Chicago!

 I've combed through many of our neighbor's subreddits, and these are the top posts from this week:

----- 

  * **r/ChicagoSuburbs**
    * [Schaumburg police ticketing vehicles with expired plates parked at Woodfield Mall] (/r/ChicagoSuburbs/comments/47demp/schaumburg_police_ticketing_vehicles_with_expired/) - By /u/emememaker73 +35
    * [Police warn of fake IRS calls in Lisle, Naperville] (/r/ChicagoSuburbs/comments/473zkn/police_warn_of_fake_irs_calls_in_lisle_naperville/) - By /u/emememaker73 +20

  * **r/chicagobeer**
    * [Field Museum Releases Beer Inspired By Ancient Peruvian Recipe] (/r/chicagobeer/comments/477xpm/field_museum_releases_beer_inspired_by_ancient/) - By /u/mattfromchicago +29
    * [Goose Island sells original brewpub to Anheuser-Busch] (/r/chicagobeer/comments/46lrb8/goose_island_sells_original_brewpub_to/) - By /u/twofatfeet +25

  * **r/chibike**
    * [I got mugged on the 606 Friday night.] (/r/chibike/comments/475h27/i_got_mugged_on_the_606_friday_night/) - By /u/vagrantmeat +43
    * [Improving cycling in Chicago [Survey]] (/r/chibike/comments/479hio/improving_cycling_in_chicago_survey/) - By /u/luxcapto +17

  * **r/ChicagoNWside**
    * [Notable Steinmetz Alum to Continue Support for Student Newspaper] (/r/ChicagoNWside/comments/47ff2b/notable_steinmetz_alum_to_continue_support_for/) - By /u/DukeOfDakin +14
    * [News from the Portage Park Neighborhood Association] (/r/ChicagoNWside/comments/46v5cc/news_from_the_portage_park_neighborhood/) - By /u/blackmk8 +14

  * **r/EdgewaterRogersPark**
    * [Rogers Park woman attacked, knocked unconscious on way home from work] (/r/EdgewaterRogersPark/comments/47b9y3/rogers_park_woman_attacked_knocked_unconscious_on/) - By /u/Bukharin +12
    * [Third Coast Comics is having a HUGE moving sale!] (/r/EdgewaterRogersPark/comments/477wut/third_coast_comics_is_having_a_huge_moving_sale/) - By /u/geekgentleman +9

  * **r/RunnersInChicago**
    * [Chicago marathoner aims to make history as Winter/Summer Olympian] (/r/RunnersInChicago/comments/474y94/chicago_marathoner_aims_to_make_history_as/) - By /u/runeddierun +11
    * [How Can We Fix the Most Treacherous Part of the Lakefront Trail?] (/r/RunnersInChicago/comments/47dz38/how_can_we_fix_the_most_treacherous_part_of_the/) - By /u/harrylee773 +10

  * **r/chicagomusicscene**
    * [Chicago musicians and bands read this.] (/r/chicagomusicscene/comments/47m3l4/chicago_musicians_and_bands_read_this/) - By /u/Uhhh_Ehhh +6
    * [Tickets to Wavves, Best Coast, Cherry Glazer sold out?] (/r/chicagomusicscene/comments/47jpfn/tickets_to_wavves_best_coast_cherry_glazer_sold/) - By /u/jmaca90 +4

  * **r/chicagofood**
    * [Best hot turkey sandwich with mashed potatoes and tons of gravy?] (/r/chicagofood/comments/475rin/best_hot_turkey_sandwich_with_mashed_potatoes_and/) - By /u/SinnicleSquabble +12
    * [We're Advertising students from SIU and we'd really like you to take our survey on local grocery chains!] (/r/chicagofood/comments/47m79g/were_advertising_students_from_siu_and_wed_really/) - By /u/DontHateMasticate +7

  * **r/chicagoEDM**
    * [4/8 - DJ Snake, Tchami, Mercer, Malaa - Aragon Ballroom, presale now] (/r/chicagoEDM/comments/47fby2/48_dj_snake_tchami_mercer_malaa_aragon_ballroom/) - By /u/dreamamok +4
    * [Zhu at Concord just went on sale.] (/r/chicagoEDM/comments/47e8w4/zhu_at_concord_just_went_on_sale/) - By /u/NoScrubDaddy +6

  * **r/undergroundchicago**
    * [[FRESH] Supa Bwe - Hella Shields (Clear Skies)] (/r/undergroundchicago/comments/46oog1/fresh_supa_bwe_hella_shields_clear_skies/) - By /u/ovoparadox +4
    * [[Fresh Video] theMIND - Mercury Rising prod. THEMpeople] (/r/undergroundchicago/comments/47a48d/fresh_video_themind_mercury_rising_prod_thempeople/) - By /u/TheSox3 +3



  * **r/ChicagoPics**
    * [Chicago River elevators, Chicago, 1900.] (/r/ChicagoPics/comments/47ngkz/chicago_river_elevators_chicago_1900/) - By /u/michaelconfoy +6

  * **r/ChicagoGaymers**
    * [Gaming areas] (/r/ChicagoGaymers/comments/471dcq/gaming_areas/) - By /u/Loquan +4
    * [Any ChicagoGaymers attending St. Louis' LanFest?] (/r/ChicagoGaymers/comments/476rtj/any_chicagogaymers_attending_st_louis_lanfest/) - By /u/swiss07 +2

  * **r/NearWestSuburbs**
    * [28F - Searching for Roommate Who Loves a Cuddly Cat] (/r/NearWestSuburbs/comments/46x8ho/28f_searching_for_roommate_who_loves_a_cuddly_cat/) - By /u/firebomb312 +5



  * **r/chicagomeetup**
    * [Northside Episode VIII: The Meetup Awakens.@ Fri 4 Mar @ 8:00PM] (/r/chicagomeetup/comments/477xne/northside_episode_viii_the_meetup_awakens_fri_4/) - By /u/ChicagoRedditMeetup +1


  * **r/ChicagoComics**
    * [3Hi reddit EAsGp6Z7] (/r/ChicagoComics/comments/47cjud/3hi_reddit_easgp6z7/) - By /u/icsbgtenjzy +0



-----

Hi, I'm a bot. Thankfully, I'm not AutoModerator. My job is just to gather some of the best posts from our neighbors. The intention is to create awareness of the speciality subs that relate to r/Chicago. If you have a suggestion about what other subreddits that I should check out, send me a message via my creator: /u/MargretTatchersParty.",chicago,5,1456498348.0,0,https://reddit.com/r/chicago/comments/47pbz1/what_are_our_neighbors_talking_about_19feb_26feb/,"What are our neighbors talking about? (19-Feb - 26-Feb Edition) ##Hello Chicago!

 I've combed through many of our neighbor's subreddits, and these are the top posts from this week:

----- 

  * **r/ChicagoSuburbs**
    * [Schaumburg police ticketing vehicles with expired plates parked at Woodfield Mall] (/r/ChicagoSuburbs/comments/47demp/schaumburg_police_ticketing_vehicles_with_expired/) - By /u/emememaker73 +35
    * [Police warn of fake IRS calls in Lisle, Naperville] (/r/ChicagoSuburbs/comments/473zkn/police_warn_of_fake_irs_calls_in_lisle_naperville/) - By /u/emememaker73 +20

  * **r/chicagobeer**
    * [Field Museum Releases Beer Inspired By Ancient Peruvian Recipe] (/r/chicagobeer/comments/477xpm/field_museum_releases_beer_inspired_by_ancient/) - By /u/mattfromchicago +29
    * [Goose Island sells original brewpub to Anheuser-Busch] (/r/chicagobeer/comments/46lrb8/goose_island_sells_original_brewpub_to/) - By /u/twofatfeet +25

  * **r/chibike**
    * [I got mugged on the 606 Friday night.] (/r/chibike/comments/475h27/i_got_mugged_on_the_606_friday_night/) - By /u/vagrantmeat +43
    * [Improving cycling in Chicago [Survey]] (/r/chibike/comments/479hio/improving_cycling_in_chicago_survey/) - By /u/luxcapto +17

  * **r/ChicagoNWside**
    * [Notable Steinmetz Alum to Continue Support for Student Newspaper] (/r/ChicagoNWside/comments/47ff2b/notable_steinmetz_alum_to_continue_support_for/) - By /u/DukeOfDakin +14
    * [News from the Portage Park Neighborhood Association] (/r/ChicagoNWside/comments/46v5cc/news_from_the_portage_park_neighborhood/) - By /u/blackmk8 +14

  * **r/EdgewaterRogersPark**
    * [Rogers Park woman attacked, knocked unconscious on way home from work] (/r/EdgewaterRogersPark/comments/47b9y3/rogers_park_woman_attacked_knocked_unconscious_on/) - By /u/Bukharin +12
    * [Third Coast Comics is having a HUGE moving sale!] (/r/EdgewaterRogersPark/comments/477wut/third_coast_comics_is_having_a_huge_moving_sale/) - By /u/geekgentleman +9

  * **r/RunnersInChicago**
    * [Chicago marathoner aims to make history as Winter/Summer Olympian] (/r/RunnersInChicago/comments/474y94/chicago_marathoner_aims_to_make_history_as/) - By /u/runeddierun +11
    * [How Can We Fix the Most Treacherous Part of the Lakefront Trail?] (/r/RunnersInChicago/comments/47dz38/how_can_we_fix_the_most_treacherous_part_of_the/) - By /u/harrylee773 +10

  * **r/chicagomusicscene**
    * [Chicago musicians and bands read this.] (/r/chicagomusicscene/comments/47m3l4/chicago_musicians_and_bands_read_this/) - By /u/Uhhh_Ehhh +6
    * [Tickets to Wavves, Best Coast, Cherry Glazer sold out?] (/r/chicagomusicscene/comments/47jpfn/tickets_to_wavves_best_coast_cherry_glazer_sold/) - By /u/jmaca90 +4

  * **r/chicagofood**
    * [Best hot turkey sandwich with mashed potatoes and tons of gravy?] (/r/chicagofood/comments/475rin/best_hot_turkey_sandwich_with_mashed_potatoes_and/) - By /u/SinnicleSquabble +12
    * [We're Advertising students from SIU and we'd really like you to take our survey on local grocery chains!] (/r/chicagofood/comments/47m79g/were_advertising_students_from_siu_and_wed_really/) - By /u/DontHateMasticate +7

  * **r/chicagoEDM**
    * [4/8 - DJ Snake, Tchami, Mercer, Malaa - Aragon Ballroom, presale now] (/r/chicagoEDM/comments/47fby2/48_dj_snake_tchami_mercer_malaa_aragon_ballroom/) - By /u/dreamamok +4
    * [Zhu at Concord just went on sale.] (/r/chicagoEDM/comments/47e8w4/zhu_at_concord_just_went_on_sale/) - By /u/NoScrubDaddy +6

  * **r/undergroundchicago**
    * [[FRESH] Supa Bwe - Hella Shields (Clear Skies)] (/r/undergroundchicago/comments/46oog1/fresh_supa_bwe_hella_shields_clear_skies/) - By /u/ovoparadox +4
    * [[Fresh Video] theMIND - Mercury Rising prod. THEMpeople] (/r/undergroundchicago/comments/47a48d/fresh_video_themind_mercury_rising_prod_thempeople/) - By /u/TheSox3 +3



  * **r/ChicagoPics**
    * [Chicago River elevators, Chicago, 1900.] (/r/ChicagoPics/comments/47ngkz/chicago_river_elevators_chicago_1900/) - By /u/michaelconfoy +6

  * **r/ChicagoGaymers**
    * [Gaming areas] (/r/ChicagoGaymers/comments/471dcq/gaming_areas/) - By /u/Loquan +4
    * [Any ChicagoGaymers attending St. Louis' LanFest?] (/r/ChicagoGaymers/comments/476rtj/any_chicagogaymers_attending_st_louis_lanfest/) - By /u/swiss07 +2

  * **r/NearWestSuburbs**
    * [28F - Searching for Roommate Who Loves a Cuddly Cat] (/r/NearWestSuburbs/comments/46x8ho/28f_searching_for_roommate_who_loves_a_cuddly_cat/) - By /u/firebomb312 +5



  * **r/chicagomeetup**
    * [Northside Episode VIII: The Meetup Awakens.@ Fri 4 Mar @ 8:00PM] (/r/chicagomeetup/comments/477xne/northside_episode_viii_the_meetup_awakens_fri_4/) - By /u/ChicagoRedditMeetup +1


  * **r/ChicagoComics**
    * [3Hi reddit EAsGp6Z7] (/r/ChicagoComics/comments/47cjud/3hi_reddit_easgp6z7/) - By /u/icsbgtenjzy +0



-----

Hi, I'm a bot. Thankfully, I'm not AutoModerator. My job is just to gather some of the best posts from our neighbors. The intention is to create awareness of the speciality subs that relate to r/Chicago. If you have a suggestion about what other subreddits that I should check out, send me a message via my creator: /u/MargretTatchersParty.","['Rogers Park', 'Portage Park']","['attacked', 'mugged']",2,Neutral/Concern,0.546,14,2016,False,Female Perspective
"You guys have been great, so I want to know your opinions on Bronzeville.","I know it a higher crime area, and it's not very racially diverse (somewhere around 80% black) but the real estate is affordable, and we could have easy access to public transportation and downtown. Should I really be worried about crime rates and school quality? 
 
Also, as my wife and I are decidedly *not* black, should we expect to be welcomed as part of the community? Would we be making ourselves targets for harassment or muggings? 
 
I don't mean to sound naive, but I just think these neighborhoods will never improve if educated, friendly, hard working people refuse to live there. And it would be nice to live in a low-cost decent sized place near downtown. 
 
What are your thoughts and experiences with Bronzeville? 
 
Thanks again",chicago,1,1367433683.0,3,https://reddit.com/r/chicago/comments/1dhx2o/you_guys_have_been_great_so_i_want_to_know_your/,"You guys have been great, so I want to know your opinions on Bronzeville. I know it a higher crime area, and it's not very racially diverse (somewhere around 80% black) but the real estate is affordable, and we could have easy access to public transportation and downtown. Should I really be worried about crime rates and school quality? 
 
Also, as my wife and I are decidedly *not* black, should we expect to be welcomed as part of the community? Would we be making ourselves targets for harassment or muggings? 
 
I don't mean to sound naive, but I just think these neighborhoods will never improve if educated, friendly, hard working people refuse to live there. And it would be nice to live in a low-cost decent sized place near downtown. 
 
What are your thoughts and experiences with Bronzeville? 
 
Thanks again",['Bronzeville'],"['harassment', 'worried']",2,Neutral/Concern,0.48,18,2013,False,Female Perspective
How dangerous is your neighborhood?,"In an attempt to avoid any real work, I rank ordered Chicago's community areas by their 2016 homicide rate per 100,000.  

For comparison Chicago's overall rate for 2016 was 27.6. St. Louis' was 59.3  
St. Louis' worst neighborhood (The Greater Ville) had a rate of 290.8 and her 3 worst neighborhoods averaged 240.8.  
CCA#, Comm Area,	          pop,	 Homicides,	Homicide rate  
37	 Fuller Park 	          2457,        5,	203.5	
68	 Englewood 	        26121,	50,	191.42	
27	 East Garfield Pk 	20665,	29,	140.33	
67	 West Englewood 	32156,	36,	111.95	
61	 New City 	                41083,	42,	102.23	
69	 Grtr Grand Crossing 	32346,	33,	102.02	
29	 North Lawndale 	        35276,	33,	93.55	
40	 Washington Park 	12081,	11,	91.05	
25	 Austin 	                97643,	88,	90.12	
49	 Roseland	                42505,	32,	75.29	
54	 Riverdale 	                  7090,	5,	70.52	
46	 South Chicago 	        28095,	18,	64.07	
45	 Avalon Park 	          9813,	6,	61.14	
71	 Auburn Gresham 	45842,	27,	58.89  
44	 Chatham 	                31359,	18,	57.4	
26	 West Garfield Park 	17733,	10,	56.39	
73	 Washington Heights 	27116,	15,	55.32	
23	 Humboldt Park 	        55011,	29,	52.72	
36	 Oakland 	                  6422,	3,	46.71	
43	 South Shore 	        49155,	22,	44.76	
66	Chicago Lawn	        55551,	20,	36	
38	 Grand Boulevard 	22750,	8,	35.16	
42	 Woodlawn 	        26446,	9,	34.03	
63	 Gage Park 	        41202,	14,	33.98	
53	 West Pullman 	        31490,	10,	31.76	
62	 West Elsdon 	        19192,	6,	31.26	
50	 Pullman 	                  6501,	2,	30.76	
57	 Archer Heights 	        13293,	4,	30.09	
31	 Lower West Side 	34410,	10,	29.06	
58	 Brighton Park 	        44202,	11,	24.89	
30	 South Lawndale 	73826,	18,	24.38	
20	 Hermosa 	                25489,	6,	23.54	
70	 Ashburn	                42752,	10,	23.39	
39	 Kenwood 	                17601,	4,	22.73	
28	 Near West Side   	61768,	13,	21.05	
35	 Douglas 	                20323,	4,	19.68	
51	 South Deering 	        15305,	3,	19.6	
33	 Near South Side 	22401,	4,	17.86	
65	 West Lawn 	        32749,	5,	15.27	
3	 Uptown 	                55137,	8,	14.51	
34	 Armour Square 	        14007,	2,	14.28	
75	 Morgan Park 	        29113,	4,	13.74	
24	 West Town 	        85582,	10,	11.68	
2	 West Ridge 	        72211,	7,	9.69	
1	 Rogers Park 	        54402,	5,	9.19	
16	 Irving Park 	        56520,	5,	8.85	
19	 Belmont Cragin 	        79210,	7,	8.84	
56	 Garfield Ridge 	        35632,	3,	8.42	
52	 East Side 	                23817,	2,	8.4	  
21	 Avondale 	                39721,	3,	7.55	
41	 Hyde Park 	        26893,	2,	7.44	
48	 Calumet Heights 	13732,	1,	7.28	
59	 McKinley Park 	        16336,	1,	6.12	
32	 The Loop 	                33442,	2,	5.98	
60	 Bridgeport 	        33939,	2,	5.89	
8	 Near North Side 	85711,	5,	5.83	
14	 Albany Park 	        52079,	3,	5.76	
13	 North Park 	        18442,	1,	5.42	
22	 Logan Square 	        74549,	4,	5.37	
11	 Jefferson Park 	        27264,	1,	3.67	
10	 Norwood Park 	        41479,	1,	2.41	
17	 Dunning 	                43025,	1,	2.32	
4	 Lincoln Square 	        40671,	1,	2.46	
77	 Edgewater 	        54873,	1,	1.82	
15	 Portage Park 	        64846,	1,	1.54	
6	 Lake View 	                98212,	1,	1.02	
47	 Burnside 	                  2601,	0,	0	
55	 Hegewisch 	          8952,	0,	0	
9	 Edison Park 	        11356,	0,	0	
18	 Montclare 	                12973,	0,	0	
12	 Forest Glen 	        18437,	0,	0	
74	 Mount Greenwood     18783,	0,	0	
72	 Beverly 	                20815,	0,	0	
76	 O'Hare 	                22015,	0,	0	
64	 Clearing 	                24962,	0,	0	
5	 North Center 	        34623,	0,	0	
7	 Lincoln Park 	        66959,	0,	0	


Edited for formatting
Edited for content",chicago,53,1488153926.0,39,https://reddit.com/r/chicago/comments/5wdekj/how_dangerous_is_your_neighborhood/,"How dangerous is your neighborhood? In an attempt to avoid any real work, I rank ordered Chicago's community areas by their 2016 homicide rate per 100,000.  

For comparison Chicago's overall rate for 2016 was 27.6. St. Louis' was 59.3  
St. Louis' worst neighborhood (The Greater Ville) had a rate of 290.8 and her 3 worst neighborhoods averaged 240.8.  
CCA#, Comm Area,	          pop,	 Homicides,	Homicide rate  
37	 Fuller Park 	          2457,        5,	203.5	
68	 Englewood 	        26121,	50,	191.42	
27	 East Garfield Pk 	20665,	29,	140.33	
67	 West Englewood 	32156,	36,	111.95	
61	 New City 	                41083,	42,	102.23	
69	 Grtr Grand Crossing 	32346,	33,	102.02	
29	 North Lawndale 	        35276,	33,	93.55	
40	 Washington Park 	12081,	11,	91.05	
25	 Austin 	                97643,	88,	90.12	
49	 Roseland	                42505,	32,	75.29	
54	 Riverdale 	                  7090,	5,	70.52	
46	 South Chicago 	        28095,	18,	64.07	
45	 Avalon Park 	          9813,	6,	61.14	
71	 Auburn Gresham 	45842,	27,	58.89  
44	 Chatham 	                31359,	18,	57.4	
26	 West Garfield Park 	17733,	10,	56.39	
73	 Washington Heights 	27116,	15,	55.32	
23	 Humboldt Park 	        55011,	29,	52.72	
36	 Oakland 	                  6422,	3,	46.71	
43	 South Shore 	        49155,	22,	44.76	
66	Chicago Lawn	        55551,	20,	36	
38	 Grand Boulevard 	22750,	8,	35.16	
42	 Woodlawn 	        26446,	9,	34.03	
63	 Gage Park 	        41202,	14,	33.98	
53	 West Pullman 	        31490,	10,	31.76	
62	 West Elsdon 	        19192,	6,	31.26	
50	 Pullman 	                  6501,	2,	30.76	
57	 Archer Heights 	        13293,	4,	30.09	
31	 Lower West Side 	34410,	10,	29.06	
58	 Brighton Park 	        44202,	11,	24.89	
30	 South Lawndale 	73826,	18,	24.38	
20	 Hermosa 	                25489,	6,	23.54	
70	 Ashburn	                42752,	10,	23.39	
39	 Kenwood 	                17601,	4,	22.73	
28	 Near West Side   	61768,	13,	21.05	
35	 Douglas 	                20323,	4,	19.68	
51	 South Deering 	        15305,	3,	19.6	
33	 Near South Side 	22401,	4,	17.86	
65	 West Lawn 	        32749,	5,	15.27	
3	 Uptown 	                55137,	8,	14.51	
34	 Armour Square 	        14007,	2,	14.28	
75	 Morgan Park 	        29113,	4,	13.74	
24	 West Town 	        85582,	10,	11.68	
2	 West Ridge 	        72211,	7,	9.69	
1	 Rogers Park 	        54402,	5,	9.19	
16	 Irving Park 	        56520,	5,	8.85	
19	 Belmont Cragin 	        79210,	7,	8.84	
56	 Garfield Ridge 	        35632,	3,	8.42	
52	 East Side 	                23817,	2,	8.4	  
21	 Avondale 	                39721,	3,	7.55	
41	 Hyde Park 	        26893,	2,	7.44	
48	 Calumet Heights 	13732,	1,	7.28	
59	 McKinley Park 	        16336,	1,	6.12	
32	 The Loop 	                33442,	2,	5.98	
60	 Bridgeport 	        33939,	2,	5.89	
8	 Near North Side 	85711,	5,	5.83	
14	 Albany Park 	        52079,	3,	5.76	
13	 North Park 	        18442,	1,	5.42	
22	 Logan Square 	        74549,	4,	5.37	
11	 Jefferson Park 	        27264,	1,	3.67	
10	 Norwood Park 	        41479,	1,	2.41	
17	 Dunning 	                43025,	1,	2.32	
4	 Lincoln Square 	        40671,	1,	2.46	
77	 Edgewater 	        54873,	1,	1.82	
15	 Portage Park 	        64846,	1,	1.54	
6	 Lake View 	                98212,	1,	1.02	
47	 Burnside 	                  2601,	0,	0	
55	 Hegewisch 	          8952,	0,	0	
9	 Edison Park 	        11356,	0,	0	
18	 Montclare 	                12973,	0,	0	
12	 Forest Glen 	        18437,	0,	0	
74	 Mount Greenwood     18783,	0,	0	
72	 Beverly 	                20815,	0,	0	
76	 O'Hare 	                22015,	0,	0	
64	 Clearing 	                24962,	0,	0	
5	 North Center 	        34623,	0,	0	
7	 Lincoln Park 	        66959,	0,	0	


Edited for formatting
Edited for content","['Loop', 'Lincoln Park', 'Logan Square', 'Bridgeport', 'Hyde Park', 'Woodlawn', 'Englewood', 'West Englewood', 'Auburn Gresham', 'Chatham', 'South Shore', 'Douglas', 'Grand Boulevard', 'Washington Park', 'Grand Crossing', 'Roseland', 'Pullman', 'Hegewisch', 'Rogers Park', 'Edgewater', 'Uptown', 'North Center', 'Irving Park', 'Avondale', 'Humboldt Park', 'Garfield Park', 'West Garfield Park', 'Austin', 'West Town', 'McKinley Park', 'Brighton Park', 'Clearing', 'Archer Heights', 'Gage Park', 'Chicago Lawn', 'West Lawn', 'Ashburn', 'Beverly', 'Morgan Park', 'Mount Greenwood', 'Norwood Park', 'Jefferson Park', 'Forest Glen', 'North Park', 'Albany Park', 'Portage Park', 'Dunning', 'Belmont Cragin', 'Hermosa', 'Montclare', 'Cragin', 'Riverdale', 'Calumet Heights', 'South Chicago', 'East Side', 'South Deering', 'Near North Side', 'Near West Side', 'Washington Heights']","['avoid', 'dangerous']",2,Negative/Fear,0.736,0,2017,True,Female Perspective
Neighborhoods to Move to Chicago?,"Hello! I’m thinking of moving to Chicago either this winter or next and need help figuring out which neighborhood would be the best fit!

I spent all of August there and completely fell in love with the city. I stayed in the West Loop, but also spent time up north in Logan Square/Avondale, Bucktown/Wicker Park, Roscoe Village, Lakeview East/Lincoln Park, Andersonville, and even the suburbs lol.

West Loop and the surrounding areas were cool, but I definitely prefer the neighborhoods further north in terms of architecture and things to do. West Loop feels a bit too sterile for me, and it’s also way outside my price range.

For context: I’m 24F, an artist, social, and physically active. I’m born and raised in NYC, so I understand city dynamics and that no neighborhood is 100% perfect in terms of safety. I’m looking for a fun but generally safe area for a woman in her mid-twenties living alone.

Ideally, I want a neighborhood that’s a bit slower-paced and more residential, but still has essential and social spots (grocers, bars, gyms, cafés, restaurants, etc.) and fun things to do within walking distance. Basically something similar to neighborhoods in Queens or Brooklyn.

I’d also love to avoid the newer, cookie-cutter white box apartments. I’m drawn to something more vintage or pre-war with craftsmanship and character. I know those buildings tend to be up north, but I’m having a hard time figuring out exactly which areas have the most of them based on listings online.

Public transportation and bikeability are really important to me, too. I only used Divvy while I was there, and since I’m coming from NYC (spoiled by the MTA lol), I’m not totally sure how CTA compares—but I figure I’ll learn.

Diversity is also important to me, and I know that’s more limited in some of the northern neighborhoods. Right now I’m looking between Logan Square and Lakeview East, Pilsen, and some of the closer-to-downtown areas. My budget is $1550–$1600 (including utilities). I’m currently job-hunting, so I’m not sure if I should pick a neighborhood based on work yet, but I don’t mind commuting.

I know this is a long list of criteria and might be a lot to ask for, but if I’m moving halfway across the country, I want it to be as close to perfect as possible! Any advice or general insights would be super appreciated. Thanks in advance!",AskChicago,0,1764701109.0,26,https://reddit.com/r/AskChicago/comments/1pcgq0d/neighborhoods_to_move_to_chicago/,"Neighborhoods to Move to Chicago? Hello! I’m thinking of moving to Chicago either this winter or next and need help figuring out which neighborhood would be the best fit!

I spent all of August there and completely fell in love with the city. I stayed in the West Loop, but also spent time up north in Logan Square/Avondale, Bucktown/Wicker Park, Roscoe Village, Lakeview East/Lincoln Park, Andersonville, and even the suburbs lol.

West Loop and the surrounding areas were cool, but I definitely prefer the neighborhoods further north in terms of architecture and things to do. West Loop feels a bit too sterile for me, and it’s also way outside my price range.

For context: I’m 24F, an artist, social, and physically active. I’m born and raised in NYC, so I understand city dynamics and that no neighborhood is 100% perfect in terms of safety. I’m looking for a fun but generally safe area for a woman in her mid-twenties living alone.

Ideally, I want a neighborhood that’s a bit slower-paced and more residential, but still has essential and social spots (grocers, bars, gyms, cafés, restaurants, etc.) and fun things to do within walking distance. Basically something similar to neighborhoods in Queens or Brooklyn.

I’d also love to avoid the newer, cookie-cutter white box apartments. I’m drawn to something more vintage or pre-war with craftsmanship and character. I know those buildings tend to be up north, but I’m having a hard time figuring out exactly which areas have the most of them based on listings online.

Public transportation and bikeability are really important to me, too. I only used Divvy while I was there, and since I’m coming from NYC (spoiled by the MTA lol), I’m not totally sure how CTA compares—but I figure I’ll learn.

Diversity is also important to me, and I know that’s more limited in some of the northern neighborhoods. Right now I’m looking between Logan Square and Lakeview East, Pilsen, and some of the closer-to-downtown areas. My budget is $1550–$1600 (including utilities). I’m currently job-hunting, so I’m not sure if I should pick a neighborhood based on work yet, but I don’t mind commuting.

I know this is a long list of criteria and might be a lot to ask for, but if I’m moving halfway across the country, I want it to be as close to perfect as possible! Any advice or general insights would be super appreciated. Thanks in advance!","['Loop', 'Lincoln Park', 'Lakeview', 'Wicker Park', 'Bucktown', 'Logan Square', 'Pilsen', 'Avondale', 'Andersonville', 'West Loop']","['avoid', 'alone']",2,Positive/Reassuring,0.96,18,2025,False,Female Perspective
Just got a job offer and moving to Chicago by March. What do I need to know?,"Originally from Rochester and lived in WNY my whole life, till 2019. I then moved to LA in 2019 right before the pandemic and can’t stand it. 

That said, what should I know about moving to Chicago? Spilt it all on me. I want to be overwhelmed. Looking for any info you think is valuable.

About me:
- I’m pretty familiar with the neighborhoods having been to Chicago about 7-8 times.
- I enjoy walkability since I have a masters in urban planning
- I’ll be working in a building right along millennium park
- have 2 cars but down to get rid of them if possible 
- very active so I know we’ll be stuck in the winter just like back in WNY.
- regularly at concerts at least once a month (punk, hardcore, etc)
- moving with my girlfriend and she’s from SF. She has survived a few Bills games back in Buffalo at 0 degrees so I’m confident she won’t freeze to death, at least in the first year.
- we’re both around 30 years old 

Examples of questions:
- how truly dangerous is Chicago? Back in WNY we could walk around at night even though we matched Chicago crime rates 
- favorite grocery store?
- how’s the political outlook of the new mayor? Same with the governor?
- how’s traffic driving from outside the city to the loop for work?
- do yall cut your own Christmas trees down? And what are other good holiday events around the area?

Basically just provide any of your biggest complaints, compliments, or suggestions for new residents.",AskChicago,0,1729126117.0,71,https://reddit.com/r/AskChicago/comments/1g5equ5/just_got_a_job_offer_and_moving_to_chicago_by/,"Just got a job offer and moving to Chicago by March. What do I need to know? Originally from Rochester and lived in WNY my whole life, till 2019. I then moved to LA in 2019 right before the pandemic and can’t stand it. 

That said, what should I know about moving to Chicago? Spilt it all on me. I want to be overwhelmed. Looking for any info you think is valuable.

About me:
- I’m pretty familiar with the neighborhoods having been to Chicago about 7-8 times.
- I enjoy walkability since I have a masters in urban planning
- I’ll be working in a building right along millennium park
- have 2 cars but down to get rid of them if possible 
- very active so I know we’ll be stuck in the winter just like back in WNY.
- regularly at concerts at least once a month (punk, hardcore, etc)
- moving with my girlfriend and she’s from SF. She has survived a few Bills games back in Buffalo at 0 degrees so I’m confident she won’t freeze to death, at least in the first year.
- we’re both around 30 years old 

Examples of questions:
- how truly dangerous is Chicago? Back in WNY we could walk around at night even though we matched Chicago crime rates 
- favorite grocery store?
- how’s the political outlook of the new mayor? Same with the governor?
- how’s traffic driving from outside the city to the loop for work?
- do yall cut your own Christmas trees down? And what are other good holiday events around the area?

Basically just provide any of your biggest complaints, compliments, or suggestions for new residents.","['Loop', 'Millennium Park']",['dangerous'],1,Negative/Fear,0.437,0,2024,True,Female Perspective
How safe is Albany Park for a summer intern?,I am a 19 year old female who was recently offered an internship with a nonprofit I am passionate about in Albany Park. I am from an extremely rural area west of Chicago so I don't really know a lot about the city at all besides visiting as a tourist. I have done a bit of research and I appreciate all the diversity and culture that this neighborhood offers which is why I am eager to have a position at this organization. I will be staying in Evanston because I have an research position at NU so I will most likely be driving to and from Evanston to Albany Park. I know that crime is quite literally in every neighborhood and varies from block to block; that can be said about any neighborhood ever. As a young woman and doing everything alone I just wanted transparent input on if driving back forth by myself is safe? ,AskChicago,0,1768269118.0,10,https://reddit.com/r/AskChicago/comments/1qbed18/how_safe_is_albany_park_for_a_summer_intern/,How safe is Albany Park for a summer intern? I am a 19 year old female who was recently offered an internship with a nonprofit I am passionate about in Albany Park. I am from an extremely rural area west of Chicago so I don't really know a lot about the city at all besides visiting as a tourist. I have done a bit of research and I appreciate all the diversity and culture that this neighborhood offers which is why I am eager to have a position at this organization. I will be staying in Evanston because I have an research position at NU so I will most likely be driving to and from Evanston to Albany Park. I know that crime is quite literally in every neighborhood and varies from block to block; that can be said about any neighborhood ever. As a young woman and doing everything alone I just wanted transparent input on if driving back forth by myself is safe? ,['Albany Park'],['alone'],1,Positive/Reassuring,0.896,1,2026,True,Female Perspective
Walking to bus stops after midnight as a woman?,"I have only been in Chicago a couple of years and I am a granny inside a young woman's body so for the most part, I am hardly ever out late. I am switching to night shift soon though and the only way I can realistically to the gym is if I go late at night on days off. My new sleep schedule means it would be easiest go after midnight (its the 24 hour Planet Fitness). The 36 and 151 both are only a few minutes from my door and the gyms door. So, I'd only really be walking to the stop and waiting there for a few minutes. Lakeview area. 

  
Is this a bad idea to do regularly? I was not a city girl before coming here and still don't feel like one so I honestly have no gauge on how dangerous this would be or if it's pretty normal

  
Thank you! ",AskChicago,2,1766771509.0,19,https://reddit.com/r/AskChicago/comments/1pwac9a/walking_to_bus_stops_after_midnight_as_a_woman/,"Walking to bus stops after midnight as a woman? I have only been in Chicago a couple of years and I am a granny inside a young woman's body so for the most part, I am hardly ever out late. I am switching to night shift soon though and the only way I can realistically to the gym is if I go late at night on days off. My new sleep schedule means it would be easiest go after midnight (its the 24 hour Planet Fitness). The 36 and 151 both are only a few minutes from my door and the gyms door. So, I'd only really be walking to the stop and waiting there for a few minutes. Lakeview area. 

  
Is this a bad idea to do regularly? I was not a city girl before coming here and still don't feel like one so I honestly have no gauge on how dangerous this would be or if it's pretty normal

  
Thank you! ",['Lakeview'],['dangerous'],1,Positive/Reassuring,0.501,17,2025,False,Female Perspective
Will I be safe working in Little Village?,"I have a job offer in little village near Daniel J. Corkery Elementary. I was planning on taking it, but now my family is telling me it is a very dangerous area. I’ve read some of the posts on here recommending not to live there or take public transportation there at night. I’m wondering how safe I would be driving down there from the Logan Square area and what it would be like for a woman in her twenties to work in this specific area. Any information would be appreciated!",AskChicago,0,1759166141.0,33,https://reddit.com/r/AskChicago/comments/1ntny43/will_i_be_safe_working_in_little_village/,"Will I be safe working in Little Village? I have a job offer in little village near Daniel J. Corkery Elementary. I was planning on taking it, but now my family is telling me it is a very dangerous area. I’ve read some of the posts on here recommending not to live there or take public transportation there at night. I’m wondering how safe I would be driving down there from the Logan Square area and what it would be like for a woman in her twenties to work in this specific area. Any information would be appreciated!","['Logan Square', 'Little Village']",['dangerous'],1,Negative/Fear,0.562,17,2025,False,Female Perspective
What is life like raising children in Lincoln Park?,"My wife and I are considering living in Lincoln Park with young children because it's close to work and also relatively safe neighborhood. Usually I read people giving pretty one-sided defenses of raising kids in the city, but what are some of the down-sides vs the suburbs? It would be nice to have the reality / nuanced view. 2 questions :

  
What is the sense of family community in LP compared to suburbs or even places like North Center or Lincoln Square? Last weekend we drove around and honestly didn't see too many families walking around. Is that normal? It felt like a place for adults mostly, but I've heard there is a family community there as well.   


Is Lincoln Elementary honestly quality? I read it's ranked high, but then the test scores for proficiency are actually not that impressive compared to some suburban schools. Have you found this school is a place that offers your child a quality learning experience and are their classmates all good influences and not overly aggressive, distracting, or otherwise troublesome?  


As you may guess, we're expecting and trying to plan out our move (Lincoln Park vs Suburbs) and have concluded LP is really the only place we'd feel comfortable sending our kids to public elementary school. Private is not really in budget unfortunately, unless you have recommendations for relatively affordable options (not 40k per year).   


Part of me thinks we're just overthinking the obvious move to the suburbs to make life easier, safer and higher quality education for children, but any thoughts from parents who have made this work would be appreciated! My wife and I love the city and do want to find reasons to stay.  ",AskChicago,5,1707568850.0,40,https://reddit.com/r/AskChicago/comments/1anfguz/what_is_life_like_raising_children_in_lincoln_park/,"What is life like raising children in Lincoln Park? My wife and I are considering living in Lincoln Park with young children because it's close to work and also relatively safe neighborhood. Usually I read people giving pretty one-sided defenses of raising kids in the city, but what are some of the down-sides vs the suburbs? It would be nice to have the reality / nuanced view. 2 questions :

  
What is the sense of family community in LP compared to suburbs or even places like North Center or Lincoln Square? Last weekend we drove around and honestly didn't see too many families walking around. Is that normal? It felt like a place for adults mostly, but I've heard there is a family community there as well.   


Is Lincoln Elementary honestly quality? I read it's ranked high, but then the test scores for proficiency are actually not that impressive compared to some suburban schools. Have you found this school is a place that offers your child a quality learning experience and are their classmates all good influences and not overly aggressive, distracting, or otherwise troublesome?  


As you may guess, we're expecting and trying to plan out our move (Lincoln Park vs Suburbs) and have concluded LP is really the only place we'd feel comfortable sending our kids to public elementary school. Private is not really in budget unfortunately, unless you have recommendations for relatively affordable options (not 40k per year).   


Part of me thinks we're just overthinking the obvious move to the suburbs to make life easier, safer and higher quality education for children, but any thoughts from parents who have made this work would be appreciated! My wife and I love the city and do want to find reasons to stay.  ","['Lincoln Park', 'North Center']",['aggressive'],1,Neutral/Concern,0.628,12,2024,False,Female Perspective
"Hey Guys, I am moving to Chicago in a few months. Any recommendations for safe, decent-size studios or 1BRs in Chicago below $2200?","Hi everyone! I’m a 23F moving to Chicago soon for a job in the Loop area, and I’m looking for apartment recommendations.

As a woman moving alone, safety is a big priority for me, so if you’ve lived in or know of any buildings that fit the following, I’d love to hear your recommendations or experiences.

Max budget: $2,200/month (including utilities ideally)

Unit type: Studio, convertible, or 1-bedroom

Must-haves:

In-unit washer &amp; dryer &amp; Dishwasher

Preferred neighborhoods: Safe and walkable — open to suggestions, but considering areas like West Loop, River North, Streeterville, South Loop, or Lincoln Park

Other preferences: At least 480 sq ft, decent natural light, close to public transport if possible.

Thanks in advance!",AskChicago,0,1744867201.0,12,https://reddit.com/r/AskChicago/comments/1k155ux/hey_guys_i_am_moving_to_chicago_in_a_few_months/,"Hey Guys, I am moving to Chicago in a few months. Any recommendations for safe, decent-size studios or 1BRs in Chicago below $2200? Hi everyone! I’m a 23F moving to Chicago soon for a job in the Loop area, and I’m looking for apartment recommendations.

As a woman moving alone, safety is a big priority for me, so if you’ve lived in or know of any buildings that fit the following, I’d love to hear your recommendations or experiences.

Max budget: $2,200/month (including utilities ideally)

Unit type: Studio, convertible, or 1-bedroom

Must-haves:

In-unit washer &amp; dryer &amp; Dishwasher

Preferred neighborhoods: Safe and walkable — open to suggestions, but considering areas like West Loop, River North, Streeterville, South Loop, or Lincoln Park

Other preferences: At least 480 sq ft, decent natural light, close to public transport if possible.

Thanks in advance!","['Loop', 'River North', 'Lincoln Park', 'South Loop', 'Streeterville', 'West Loop']",['alone'],1,Positive/Reassuring,0.748,5,2025,False,Female Perspective
I’m Moving from New Jersey to Chicago in 2026 and I need help finding a neighborhood. Any suggestions?,"Hi everyone!

I’m a 30-year-old Jamaican-American woman planning to move to Chicago from New Jersey next August. I’ve already started researching neighborhoods and will be visiting next month to explore and experience them again. Right now, I’m considering Edgewater, Rogers Park, Logan Square, Lakeview East, Uptown, and Hyde Park.

I’m looking for an area that offers diversity, affordability, and a bit of nightlife or activities where I can go out alone or meet new people. As a student working toward becoming an addiction counselor, I’ll be moving by myself, so I want to choose a neighborhood that feels welcoming and safe while aligning with my needs.

I’d love any suggestions, advice, or insights about these neighborhoods—or if there’s another area you think I should consider. Thanks so much in advance!",AskChicago,0,1737657854.0,20,https://reddit.com/r/AskChicago/comments/1i8ambf/im_moving_from_new_jersey_to_chicago_in_2026_and/,"I’m Moving from New Jersey to Chicago in 2026 and I need help finding a neighborhood. Any suggestions? Hi everyone!

I’m a 30-year-old Jamaican-American woman planning to move to Chicago from New Jersey next August. I’ve already started researching neighborhoods and will be visiting next month to explore and experience them again. Right now, I’m considering Edgewater, Rogers Park, Logan Square, Lakeview East, Uptown, and Hyde Park.

I’m looking for an area that offers diversity, affordability, and a bit of nightlife or activities where I can go out alone or meet new people. As a student working toward becoming an addiction counselor, I’ll be moving by myself, so I want to choose a neighborhood that feels welcoming and safe while aligning with my needs.

I’d love any suggestions, advice, or insights about these neighborhoods—or if there’s another area you think I should consider. Thanks so much in advance!","['Lakeview', 'Logan Square', 'Hyde Park', 'Rogers Park', 'Edgewater', 'Uptown']",['alone'],1,Neutral/Concern,0.636,18,2025,False,Female Perspective
Moving to Chicago after nursing school - need advice from locals!?,"Hey everyone! I’m from the Dallas area and I plan to move to Chicago after finishing nursing school. This will be my first time living out of state, and I’m both excited and overwhelmed trying to figure everything out so I’d really appreciate any advice.

I’m in my early 20s, single, and starting my first nursing job (haven’t finalized which hospital yet). I’m looking for a neighborhood that’s safe, social, and good for someone young and new to the city. Ideally something not crazy expensive, with good access to public transit in case I don’t bring my car.

I do have a car, but I’ve heard mixed things about having one in the city. Should I bring it or is it more of a hassle than it’s worth?

Some specific things I’d love help with:
	•	What are the best neighborhoods for someone in their 20s? (I’ve heard of Lakeview, Logan Square, Lincoln Park, West Loop—thoughts?)
	•	What’s a realistic rent range for a studio or 1 bed in a decent area?
	•	Areas to avoid, especially as a young woman?
	•	Is public transit reliable for early or night shifts?
	•	What’s winter really like and what do I need to survive it? (Texas girl here…)
	•	Do people actually use their cars or is parking just a nightmare?
	•	Any sites/apps you recommend for apartment hunting?
	•	Any tips for meeting new people or getting plugged into the city?

Would love to hear from anyone who’s been in a similar boat or just locals who don’t mind sharing insight. Thanks in advance!",AskChicago,0,1744224773.0,16,https://reddit.com/r/AskChicago/comments/1jvdln2/moving_to_chicago_after_nursing_school_need/,"Moving to Chicago after nursing school - need advice from locals!? Hey everyone! I’m from the Dallas area and I plan to move to Chicago after finishing nursing school. This will be my first time living out of state, and I’m both excited and overwhelmed trying to figure everything out so I’d really appreciate any advice.

I’m in my early 20s, single, and starting my first nursing job (haven’t finalized which hospital yet). I’m looking for a neighborhood that’s safe, social, and good for someone young and new to the city. Ideally something not crazy expensive, with good access to public transit in case I don’t bring my car.

I do have a car, but I’ve heard mixed things about having one in the city. Should I bring it or is it more of a hassle than it’s worth?

Some specific things I’d love help with:
	•	What are the best neighborhoods for someone in their 20s? (I’ve heard of Lakeview, Logan Square, Lincoln Park, West Loop—thoughts?)
	•	What’s a realistic rent range for a studio or 1 bed in a decent area?
	•	Areas to avoid, especially as a young woman?
	•	Is public transit reliable for early or night shifts?
	•	What’s winter really like and what do I need to survive it? (Texas girl here…)
	•	Do people actually use their cars or is parking just a nightmare?
	•	Any sites/apps you recommend for apartment hunting?
	•	Any tips for meeting new people or getting plugged into the city?

Would love to hear from anyone who’s been in a similar boat or just locals who don’t mind sharing insight. Thanks in advance!","['Loop', 'Lincoln Park', 'Lakeview', 'Logan Square', 'West Loop']",['avoid'],1,Positive/Reassuring,0.887,18,2025,False,Female Perspective
"Looking for thoughts on single women buying in South Shore, East Side, or Hegewisch?","Hey single white lady and her big old dog looking to purchase on the south side. I have been hoping to get a property with a in-law suite so these neighborhood are in my price range. I am looking for a blue collar family neighborhood. My last place was in forest park and there was a shooting a few blocks from my place and a couple of break-in’s near me  so I not someone who going to clutch their pearls and faint because stuff not picture perfect. 

One of my best friends is Black and may end up staying with me for a while. So it’s important to me that not only the neighborhood is safe but I don’t want to worry about my neighbors being weird if I want to have friends or coworkers over. I have heard some ugly stories about what some of my friends have faced just trying to drop their kids off at a friend’s house in mount greenwood. I am also open to recommendations for other neighborhood but I am trying to keep cost reasonable and I work in Englewood so that rules out the far north side. ",AskChicago,7,1751231029.0,10,https://reddit.com/r/AskChicago/comments/1lnpjrk/looking_for_thoughts_on_single_women_buying_in/,"Looking for thoughts on single women buying in South Shore, East Side, or Hegewisch? Hey single white lady and her big old dog looking to purchase on the south side. I have been hoping to get a property with a in-law suite so these neighborhood are in my price range. I am looking for a blue collar family neighborhood. My last place was in forest park and there was a shooting a few blocks from my place and a couple of break-in’s near me  so I not someone who going to clutch their pearls and faint because stuff not picture perfect. 

One of my best friends is Black and may end up staying with me for a while. So it’s important to me that not only the neighborhood is safe but I don’t want to worry about my neighbors being weird if I want to have friends or coworkers over. I have heard some ugly stories about what some of my friends have faced just trying to drop their kids off at a friend’s house in mount greenwood. I am also open to recommendations for other neighborhood but I am trying to keep cost reasonable and I work in Englewood so that rules out the far north side. ","['Englewood', 'South Shore', 'Hegewisch', 'Mount Greenwood', 'East Side']",['shooting'],1,Neutral/Concern,0.645,21,2025,True,Female Perspective
Thoughts on needing a car in the city,"Hello r/AskChicago

I’m looking for some advice and wisdom about my current dilemma: my car is old and on its last leg, and I’ve been planning on getting a new one before making the move out there. But I’m starting to reconsider if that’s even necessary. 

I’m planning on moving out to the city in about a month.  I’m from out of state but my partner is local (kinda, she’s in west burbs right now). We’re going to be living in the Logan square / Humboldt park area. I know the area isn’t the safest, but also not particularly dangerous. I’m pretty street smart and I don’t make problems for myself, but I do respect that Chicago is a big city and things can happen.

We wouldn’t have any parking access besides street parking, which I’ve been told is pretty standard for the area we’re moving into, it’s not abundant but not a nightmare. I’ll be fully work from home remote, so I wouldn’t have a commute. I don’t typically drive very often and like to walk or take public transportation as often as possible. And my partner has an old car too, so we would be able to share hers in a pinch. But I am unsure if I’d be able to utilize the metra and other bus options well and safe enough to justify not having a car. 


So Please, let me know what your thoughts on my situation are. Do you think I need a car, or would I be fine with a bus pass and my own two feet (and some Ubers occasionally)?",AskChicago,12,1709156652.0,94,https://reddit.com/r/AskChicago/comments/1b2if6s/thoughts_on_needing_a_car_in_the_city/,"Thoughts on needing a car in the city Hello r/AskChicago

I’m looking for some advice and wisdom about my current dilemma: my car is old and on its last leg, and I’ve been planning on getting a new one before making the move out there. But I’m starting to reconsider if that’s even necessary. 

I’m planning on moving out to the city in about a month.  I’m from out of state but my partner is local (kinda, she’s in west burbs right now). We’re going to be living in the Logan square / Humboldt park area. I know the area isn’t the safest, but also not particularly dangerous. I’m pretty street smart and I don’t make problems for myself, but I do respect that Chicago is a big city and things can happen.

We wouldn’t have any parking access besides street parking, which I’ve been told is pretty standard for the area we’re moving into, it’s not abundant but not a nightmare. I’ll be fully work from home remote, so I wouldn’t have a commute. I don’t typically drive very often and like to walk or take public transportation as often as possible. And my partner has an old car too, so we would be able to share hers in a pinch. But I am unsure if I’d be able to utilize the metra and other bus options well and safe enough to justify not having a car. 


So Please, let me know what your thoughts on my situation are. Do you think I need a car, or would I be fine with a bus pass and my own two feet (and some Ubers occasionally)?","['Logan Square', 'Humboldt Park']",['dangerous'],1,Neutral/Concern,0.56,21,2024,True,Female Perspective
Re: Am I going to freeze to death visiting this weekend?,"Hey all! Wanted to follow up and say thanks to all those who helped me plan and warn us about our first trip to Chicago despite the cold weather. Wanted to post what we did and how we managed:

Friday: leggings/tights and jeans on bottom with a sweater and puffer and beanie on top. We planned to most of our walking today. 

Walked to do rite for breakfast and grabbed a breakfast sammie and their seasonal donuts (gingerbread and peppermint). You need to get the gingerbread ASAP.

Walked Mag Mile from the roastery down to Millennium Park and just walked around some blocks and hotels before our reservation at Cindy's. Got the burger, so good. Then did some ice skating and did the Christmas market. Got some gingerbread cookies and got coco and walked back to the hotel to decompress and power nap before we went to the zoo lights but didn't end up going because we were pooped. Stayed in and walked by Eataly for a quick bite

Saturday: leggings/tights under joggers with our waterproof/hiking pants on, added a balaclava on top.

Yeah it's getting cold. Balaclavas all day. 

Walked to Beatrix for breakfast and yeah, totally rocks. Wife did the avo toast and we shared the lemon pancakes. Walked the top 1/3 of mag mile, checked out the Lego store and the malls to warm up. Walked back downtown for our walking tour at the trade building. Did an interior design walking tour with Tours with Mike and it was awesome. Everything was Christmas'ed out! 

After the tour we took the red line to Portillo's in River North. We're from SW Ohio so chilli dogs are our thing and it was so good (despite having beans on it) and the cake shake is otherworldly. Went back to the hotel for a couple hours to relax. Went to Pequod's for dinner (yumm!) and ended the night at the Music Box Theatre for their Christmas sing a long and It's a Wonderful Life. Walking around this area back to the bus was definitely the coldest portion of the trip at like midnight. Wife broke out the hand warmers. Took the L back to the hotel and passed out at 1am.

Sunday: Door dashed Ann Sathers (so good!) to the hotel, packed up, stopped by MSI for the Christmas tree exhibit and headed home. 

We had a great trip and despite the cold manged to get a couple miles in! I'd never taken public transit before so that was cool. The busses and the red line was super nice and clean. The most hazardous part of the trip was the Indiana highway. Not the snow. Just their roads 😅

Have a merry Christmas!

https://i.imgur.com/336MRj9.jpeg",AskChicago,454,1765800891.0,74,https://reddit.com/r/AskChicago/comments/1pn5w7i/re_am_i_going_to_freeze_to_death_visiting_this/,"Re: Am I going to freeze to death visiting this weekend? Hey all! Wanted to follow up and say thanks to all those who helped me plan and warn us about our first trip to Chicago despite the cold weather. Wanted to post what we did and how we managed:

Friday: leggings/tights and jeans on bottom with a sweater and puffer and beanie on top. We planned to most of our walking today. 

Walked to do rite for breakfast and grabbed a breakfast sammie and their seasonal donuts (gingerbread and peppermint). You need to get the gingerbread ASAP.

Walked Mag Mile from the roastery down to Millennium Park and just walked around some blocks and hotels before our reservation at Cindy's. Got the burger, so good. Then did some ice skating and did the Christmas market. Got some gingerbread cookies and got coco and walked back to the hotel to decompress and power nap before we went to the zoo lights but didn't end up going because we were pooped. Stayed in and walked by Eataly for a quick bite

Saturday: leggings/tights under joggers with our waterproof/hiking pants on, added a balaclava on top.

Yeah it's getting cold. Balaclavas all day. 

Walked to Beatrix for breakfast and yeah, totally rocks. Wife did the avo toast and we shared the lemon pancakes. Walked the top 1/3 of mag mile, checked out the Lego store and the malls to warm up. Walked back downtown for our walking tour at the trade building. Did an interior design walking tour with Tours with Mike and it was awesome. Everything was Christmas'ed out! 

After the tour we took the red line to Portillo's in River North. We're from SW Ohio so chilli dogs are our thing and it was so good (despite having beans on it) and the cake shake is otherworldly. Went back to the hotel for a couple hours to relax. Went to Pequod's for dinner (yumm!) and ended the night at the Music Box Theatre for their Christmas sing a long and It's a Wonderful Life. Walking around this area back to the bus was definitely the coldest portion of the trip at like midnight. Wife broke out the hand warmers. Took the L back to the hotel and passed out at 1am.

Sunday: Door dashed Ann Sathers (so good!) to the hotel, packed up, stopped by MSI for the Christmas tree exhibit and headed home. 

We had a great trip and despite the cold manged to get a couple miles in! I'd never taken public transit before so that was cool. The busses and the red line was super nice and clean. The most hazardous part of the trip was the Indiana highway. Not the snow. Just their roads 😅

Have a merry Christmas!

https://i.imgur.com/336MRj9.jpeg","['River North', 'Millennium Park']",['grabbed'],1,Neutral/Concern,0.554,12,2025,False,Female Perspective
Did I pick the wrong weekend to visit?,"So I planned an impromptu mom/teenage son overnight trip for this weekend, having never been to Chicago. I thought it would be cool for us to hop on a plane and head somewhere we’d never been on the last weekend before his senior year. Well, he backed out and I’d accidentally booked a nonrefundable room. I’ll be arriving early tomorrow morning, alone. Relying on public transport only. Leaving late afternoon Sunday.

I didn’t know about the air/water show until yesterday and now I see why the damned room was so expensive. My initial plan for us had been to hit a couple of museums, get a wet Italian beef sandwich, maybe pop in a record store. Now I’m kinda bummed and can’t believe I picked this weekend to visit for the first time, but I have to make the best of it. Not big on huge crowds, but I can deal. Not bringing any nice clothes, just a backpack with a packing cube and essentials, so I don’t plan to go anyplace where I’d wanna look overly presentable, if you know what I mean. I know it’s gonna be hot as balls.

My question: Will the air/water show pull crowds from other activities like the architectural tour, museums, and other standard fare? I’m staying right down in the thick of it. I realize it’s gonna get LOUD and probably pretty surreal. If nothing else, it should make for a great story to tell.

All suggestions welcome. Thanks!

EDIT: I’m here and loving life in your amazing city. Thanks to ALL for wonderful suggestions, and a VERY special thank you to the generous Redditor who gifted me architecture boat tour tickets. The only times left were 9am today and Sunday, but I’m going tomorrow, first thing! 

Touched down early morning and immediately had a fun encounter on the Blue Line with two young women who’d just arrived from Shanghai. This was their first US visit and I was the first American they encountered outside of the airport. They had me pose for a photo with them, super cute. 

I headed straight to Chinatown, walked all of Ping Tom Park and hopped on the water taxi. Headed downtown and snapped my obligatory Marina Towers Wilco shot. Thinking I’ll head up to Roger’s Park for the Glenwood Ave Arts Fest for a while, grab a drink, head to my hotel. You’ve made some strong dinner suggestions and it’s tough to decide! Got a ticket for a Second City show tonight, and I’m really looking forward to it. ❤️ I absolutely love it here.",AskChicago,315,1755256225.0,241,https://reddit.com/r/AskChicago/comments/1mqup7a/did_i_pick_the_wrong_weekend_to_visit/,"Did I pick the wrong weekend to visit? So I planned an impromptu mom/teenage son overnight trip for this weekend, having never been to Chicago. I thought it would be cool for us to hop on a plane and head somewhere we’d never been on the last weekend before his senior year. Well, he backed out and I’d accidentally booked a nonrefundable room. I’ll be arriving early tomorrow morning, alone. Relying on public transport only. Leaving late afternoon Sunday.

I didn’t know about the air/water show until yesterday and now I see why the damned room was so expensive. My initial plan for us had been to hit a couple of museums, get a wet Italian beef sandwich, maybe pop in a record store. Now I’m kinda bummed and can’t believe I picked this weekend to visit for the first time, but I have to make the best of it. Not big on huge crowds, but I can deal. Not bringing any nice clothes, just a backpack with a packing cube and essentials, so I don’t plan to go anyplace where I’d wanna look overly presentable, if you know what I mean. I know it’s gonna be hot as balls.

My question: Will the air/water show pull crowds from other activities like the architectural tour, museums, and other standard fare? I’m staying right down in the thick of it. I realize it’s gonna get LOUD and probably pretty surreal. If nothing else, it should make for a great story to tell.

All suggestions welcome. Thanks!

EDIT: I’m here and loving life in your amazing city. Thanks to ALL for wonderful suggestions, and a VERY special thank you to the generous Redditor who gifted me architecture boat tour tickets. The only times left were 9am today and Sunday, but I’m going tomorrow, first thing! 

Touched down early morning and immediately had a fun encounter on the Blue Line with two young women who’d just arrived from Shanghai. This was their first US visit and I was the first American they encountered outside of the airport. They had me pose for a photo with them, super cute. 

I headed straight to Chinatown, walked all of Ping Tom Park and hopped on the water taxi. Headed downtown and snapped my obligatory Marina Towers Wilco shot. Thinking I’ll head up to Roger’s Park for the Glenwood Ave Arts Fest for a while, grab a drink, head to my hotel. You’ve made some strong dinner suggestions and it’s tough to decide! Got a ticket for a Second City show tonight, and I’m really looking forward to it. ❤️ I absolutely love it here.",['Chinatown'],['alone'],1,Neutral/Concern,0.427,11,2025,False,Female Perspective
Is it safe to walk around Little Italy at night?,I’m going to a concert with my girlfriend in 2 weeks and I’ll be staying the night and I got a spothero parking spot that’s a 10 minute walk from her apartment for the day of the concert and the day after because we’ll hang out the day after too. The concert is around 7 and probably won’t end till 10. Either way it’ll be very dark and I’ll be in the little italy area. I’m not too accustomed to the area so I still have my doubts about the safety of the area. How’s the overall safety? ,AskChicago,0,1758929273.0,12,https://reddit.com/r/AskChicago/comments/1nrg7t1/is_it_safe_to_walk_around_little_italy_at_night/,Is it safe to walk around Little Italy at night? I’m going to a concert with my girlfriend in 2 weeks and I’ll be staying the night and I got a spothero parking spot that’s a 10 minute walk from her apartment for the day of the concert and the day after because we’ll hang out the day after too. The concert is around 7 and probably won’t end till 10. Either way it’ll be very dark and I’ll be in the little italy area. I’m not too accustomed to the area so I still have my doubts about the safety of the area. How’s the overall safety? ,['Little Italy'],['dark'],1,Negative/Fear,0.573,23,2025,True,Female Perspective
looking for a good bar in the lakeview/lincoln park area where i can go to read a book and generally be left alone?,"i’m a 28 y/o female and love hanging out in bars, however i don’t have a ton of friends to go out with, and i tend to get really nervous going out by myself because as a relatively attractive female i hate having to thwart off the unwanted advances from men. where are your favorite bars to hangout &amp; read at on a week day/week night where people generally mind their own business. thanks in advance!! ",AskChicago,66,1757445428.0,149,https://reddit.com/r/AskChicago/comments/1ncs74g/looking_for_a_good_bar_in_the_lakeviewlincoln/,"looking for a good bar in the lakeview/lincoln park area where i can go to read a book and generally be left alone? i’m a 28 y/o female and love hanging out in bars, however i don’t have a ton of friends to go out with, and i tend to get really nervous going out by myself because as a relatively attractive female i hate having to thwart off the unwanted advances from men. where are your favorite bars to hangout &amp; read at on a week day/week night where people generally mind their own business. thanks in advance!! ","['Lincoln Park', 'Lakeview']",['alone'],1,Negative/Fear,0.42,19,2025,False,Female Perspective
"Little Village residents: how do you feel during the evening, biking, and picking up trash?","Hi all! Wanted to connect with some locals in LV and get an understanding of the neighborhood and what it’s like living there. I’ve gone thru previous related posts and seen location recommendations and the usual crime posts so I’m pretty aware of the demographics and general vibe. I have spent some time in the area and felt generally comfortable walking around but haven’t experienced the area during the evening or even summertime so wondering how residents feel during those periods. If any residents who are women have any feedback, that would be especially appreciated (ESP how it feels walking home at night around the California Pink line). 

Overall I know it’s a community with lots of Spanish speaking families and businesses, which I do not speak Spanish but comfortable navigating environments like this (lived abroad before), can I expect to be accepted here even if not fluent but trying to learn and adapt? 

I’m also a member of nationwide trash cleanup group so I often do trash pickup during daily walks. I know there’s a huge difference I can make in this area and am excited at the prospect but just wondering if it’s advised if I should do this sort of thing with a group rather than alone. 

Also biking. I do plan to cycle and walk as my main methods of commuting and wondering if any local cyclists have any tips or advice for the area. 

Thank you!",AskChicago,3,1680112382.0,8,https://reddit.com/r/AskChicago/comments/125vhe3/little_village_residents_how_do_you_feel_during/,"Little Village residents: how do you feel during the evening, biking, and picking up trash? Hi all! Wanted to connect with some locals in LV and get an understanding of the neighborhood and what it’s like living there. I’ve gone thru previous related posts and seen location recommendations and the usual crime posts so I’m pretty aware of the demographics and general vibe. I have spent some time in the area and felt generally comfortable walking around but haven’t experienced the area during the evening or even summertime so wondering how residents feel during those periods. If any residents who are women have any feedback, that would be especially appreciated (ESP how it feels walking home at night around the California Pink line). 

Overall I know it’s a community with lots of Spanish speaking families and businesses, which I do not speak Spanish but comfortable navigating environments like this (lived abroad before), can I expect to be accepted here even if not fluent but trying to learn and adapt? 

I’m also a member of nationwide trash cleanup group so I often do trash pickup during daily walks. I know there’s a huge difference I can make in this area and am excited at the prospect but just wondering if it’s advised if I should do this sort of thing with a group rather than alone. 

Also biking. I do plan to cycle and walk as my main methods of commuting and wondering if any local cyclists have any tips or advice for the area. 

Thank you!",['Little Village'],['alone'],1,Neutral/Concern,0.562,17,2023,False,Female Perspective
Where to stay in Fulton Market / West Loop?,"I'm planning on visiting for a week to work from my company's Chicago office which is in that area. Is it safe (I'm from San Francisco so I have a pretty low bar for that lol, as long as I can walk around alone at night as a short woman I consider it safe) and does anyone have hotel/Airbnb recs? ",AskChicago,0,1738019541.0,19,https://reddit.com/r/AskChicago/comments/1ibn50x/where_to_stay_in_fulton_market_west_loop/,"Where to stay in Fulton Market / West Loop? I'm planning on visiting for a week to work from my company's Chicago office which is in that area. Is it safe (I'm from San Francisco so I have a pretty low bar for that lol, as long as I can walk around alone at night as a short woman I consider it safe) and does anyone have hotel/Airbnb recs? ","['Loop', 'Fulton Market', 'West Loop']",['alone'],1,Neutral/Concern,0.66,23,2025,True,Female Perspective
Safety near east Humboldt/Logan (near California &amp; North Ave)?,"I know, another of these questions, sorry!

I'm considering a place in the area where Humboldt Park / Logan / Bucktown all seem to meet, north of North Ave and east of California (closer to California than Western). Based on what I've heard, east &amp; north of the actual park is generally recommended, but also that things can be ""block by block"", so wasn't sure if living right off North changes anything. 

Does anyone have a sense of what this area is like and if it's reasonably safe for a single woman to live (obviously taking into account the standard guidelines of being aware, not walking alone late at night, etc.)?",AskChicago,0,1756041642.0,7,https://reddit.com/r/AskChicago/comments/1myvf6c/safety_near_east_humboldtlogan_near_california/,"Safety near east Humboldt/Logan (near California &amp; North Ave)? I know, another of these questions, sorry!

I'm considering a place in the area where Humboldt Park / Logan / Bucktown all seem to meet, north of North Ave and east of California (closer to California than Western). Based on what I've heard, east &amp; north of the actual park is generally recommended, but also that things can be ""block by block"", so wasn't sure if living right off North changes anything. 

Does anyone have a sense of what this area is like and if it's reasonably safe for a single woman to live (obviously taking into account the standard guidelines of being aware, not walking alone late at night, etc.)?","['Bucktown', 'Humboldt Park']",['alone'],1,Neutral/Concern,0.623,13,2025,False,Female Perspective
How to get to O'Hare at 3:00 AM?,"I'm on one of the first flights out of O'Hare tomorrow morning, meaning that I want to be at the airport by around 3:30 AM. I live in Uptown so O'Hare isn't exactly easy for me to get to using public transit regardless of what time it is. I have a few options, the first being do a pretty expensive Uber. I looked into scheduling one just now and it was about $45 (Lyft was $70?!) Another option is take the Red Line down to the Loop and transfer to Blue Line. This would take about an hour, which I don't mind at all, but the time of night is scaring me. I'm a female and will be alone. I've been on the both the Red and Blue after midnight a few times and while nothing has happened, I still did not feel the safest about it. Maybe if I just had to take the Blue straight up it would be better but I will also probably have wait times on the platforms (transfering at Lake) due to the time I'm leaving. I also dont't want to rely on buses to take me to the Blue Line as I would have to transfer twice and feel that's pretty unreliable. Should I suck it up and take the train? Or is there a better chance that my Uber will not be that expensive if I order when I'm ready to leave? I don't take Uber that often. What about calling a taxi service?",AskChicago,65,1758895176.0,197,https://reddit.com/r/AskChicago/comments/1nr23q2/how_to_get_to_ohare_at_300_am/,"How to get to O'Hare at 3:00 AM? I'm on one of the first flights out of O'Hare tomorrow morning, meaning that I want to be at the airport by around 3:30 AM. I live in Uptown so O'Hare isn't exactly easy for me to get to using public transit regardless of what time it is. I have a few options, the first being do a pretty expensive Uber. I looked into scheduling one just now and it was about $45 (Lyft was $70?!) Another option is take the Red Line down to the Loop and transfer to Blue Line. This would take about an hour, which I don't mind at all, but the time of night is scaring me. I'm a female and will be alone. I've been on the both the Red and Blue after midnight a few times and while nothing has happened, I still did not feel the safest about it. Maybe if I just had to take the Blue straight up it would be better but I will also probably have wait times on the platforms (transfering at Lake) due to the time I'm leaving. I also dont't want to rely on buses to take me to the Blue Line as I would have to transfer twice and feel that's pretty unreliable. Should I suck it up and take the train? Or is there a better chance that my Uber will not be that expensive if I order when I'm ready to leave? I don't take Uber that often. What about calling a taxi service?","['Loop', 'Uptown']",['alone'],1,Neutral/Concern,0.479,13,2025,False,Female Perspective
how safe is this area for female college students? Little Village,"so, me and my friends (all 19F) found a condo that we wanted to move into, its located in little village, and I heard its safe as long as youre alert and not walking around at night. I also heard that if you speak Spanish (I do) the neighbours seem to be really friendly and welcoming. rent is affordable and it works since one of us is going to UIC. can I get any opinions? we're all from the suburbs, and it would be our first apartment on our own. The condo is between S Albany Ave, and S Troy St, those two streets connect with W 23rd streed below and W Cermak rd above (it doesnt let me attach a google maps picture, so im describing 😅) To pinpoint, its by our lady of tepeyac elementary school. We'd love the feedback since this is a great deal, but since we're all female college students we're a bit worried about safety! ",AskChicago,0,1722530891.0,66,https://reddit.com/r/AskChicago/comments/1ehlhl6/how_safe_is_this_area_for_female_college_students/,"how safe is this area for female college students? Little Village so, me and my friends (all 19F) found a condo that we wanted to move into, its located in little village, and I heard its safe as long as youre alert and not walking around at night. I also heard that if you speak Spanish (I do) the neighbours seem to be really friendly and welcoming. rent is affordable and it works since one of us is going to UIC. can I get any opinions? we're all from the suburbs, and it would be our first apartment on our own. The condo is between S Albany Ave, and S Troy St, those two streets connect with W 23rd streed below and W Cermak rd above (it doesnt let me attach a google maps picture, so im describing 😅) To pinpoint, its by our lady of tepeyac elementary school. We'd love the feedback since this is a great deal, but since we're all female college students we're a bit worried about safety! ",['Little Village'],['worried'],1,Positive/Reassuring,0.901,16,2024,False,Female Perspective
Question for all the Chicago nurses?,"Mid 20s woman looking to move to the city beginning of next year! Been doing a lotttt of research and just looking for some insight from my fellow nurses. For context, at time of moving I’ll have 3 years ICU experience (CTICU and trauma) and I’ve mainly been looking at Rush hospital but will also look at NW

1.	⁠In your opinion/experience, what pay do you think I could expect? I know Chicago hospitals are required to post pay, but I’m curious what I can expect/negotiate as a nurse with 3 years. I just don’t wanna be offered new grad pay and not know it

2.	⁠Do you think I’d be able to live somewhere downtown by myself or is that not really possible with nurse salary? Loved my visit to west loop but that’s far out the budget so I’m looking at the south loop area but will check out some other areas with a realtor in January. If you live alone in the city, how much is your rent?

3.	⁠Any tips for an incoming nurse?

ETA: Will not be bringing my car, no kids, and no pets. I make ~$35/hr night shift in NC and lived alone with $1500 1br rent",AskChicago,12,1759537889.0,15,https://reddit.com/r/AskChicago/comments/1nxfwu5/question_for_all_the_chicago_nurses/,"Question for all the Chicago nurses? Mid 20s woman looking to move to the city beginning of next year! Been doing a lotttt of research and just looking for some insight from my fellow nurses. For context, at time of moving I’ll have 3 years ICU experience (CTICU and trauma) and I’ve mainly been looking at Rush hospital but will also look at NW

1.	⁠In your opinion/experience, what pay do you think I could expect? I know Chicago hospitals are required to post pay, but I’m curious what I can expect/negotiate as a nurse with 3 years. I just don’t wanna be offered new grad pay and not know it

2.	⁠Do you think I’d be able to live somewhere downtown by myself or is that not really possible with nurse salary? Loved my visit to west loop but that’s far out the budget so I’m looking at the south loop area but will check out some other areas with a realtor in January. If you live alone in the city, how much is your rent?

3.	⁠Any tips for an incoming nurse?

ETA: Will not be bringing my car, no kids, and no pets. I make ~$35/hr night shift in NC and lived alone with $1500 1br rent","['Loop', 'South Loop', 'West Loop']",['alone'],1,Neutral/Concern,0.834,0,2025,True,Female Perspective
Hyde Park or other neighborhoods north?,"Just got a job at UChicago Med center in Hyde park. I’m girl in my early 20s and am wondering if it’s worth living outside further north of HP or if I should just live in HP? I really want the “city life experience”, but driving from up north to HP all the time seems like a nightmare. I’d be driving since I’m going to be off shift and don’t want to use public transportation late at night alone. I’m lost at what to doooooo ",AskChicago,5,1755914717.0,27,https://reddit.com/r/AskChicago/comments/1mxp8f1/hyde_park_or_other_neighborhoods_north/,"Hyde Park or other neighborhoods north? Just got a job at UChicago Med center in Hyde park. I’m girl in my early 20s and am wondering if it’s worth living outside further north of HP or if I should just live in HP? I really want the “city life experience”, but driving from up north to HP all the time seems like a nightmare. I’d be driving since I’m going to be off shift and don’t want to use public transportation late at night alone. I’m lost at what to doooooo ",['Hyde Park'],['alone'],1,Negative/Fear,0.617,2,2025,True,Female Perspective
Is it safe to get the train from O'Hare International Airport?,"Context: I am an Australian, living in Sydney. My sister and her family moved to Chicago last year. The company my dad works for has offices in Chicago, so he gets to visit her every now and again. Sadly I am yet to visit.

My dad just flew in to Chicago to visit my sister (she lives in the northern suburbs near Wrigley Field; they often walk to events at the stadium). When he is there for work the company sends him a taxi, but this time her is there purely to visit the family. He was instructed by my brother in law that under no circumstances to get the train from O'Hare. He mentioned violent crime and homeless people soliciting for funds. He then suggested a taxi from the Airport to their place as (his claim) it is difficult to drive to the airport and arrange a pick up. I was very confused by this suggestion. *""2pm is peak hour"".*

My plan for when I eventually visit was to get the train from O'Hare to Irving Park, then the bus to her place, or purely to tick off a part of my adventure, to get the train into town, then change for the red line and head north. I am of the belief that one of the best ways to get to know a city is via its public transport network.

Seeing as O'Hare is one of the busiest airports in the world, I would have expected a large amount of people travelling to and from the airport every day, meaning a lot of eyes, thus less danger. My brother in law also mentioned that one was required to get a tram from the international terminal to the railway station.

**What are the facts on the ground?**

* Is crime actually an issue on the train? Crime is something I have honestly never throught of when on a train.
* Is there decent frequency to the Airport?
* Are there many homeless people on the trains soliciting for funds?
* Is my BIL just not wanting to pick up dad from the airport?

For context and comparison, at Sydney Kingsford-Smith (SYD) airport, there are two train stations, *Domestic* and *International* respectively. There are 8tph (trains per hour) during most time periods, with 4tph in the late night. It is 10 minutes from Central to Domestic, and 12 minutes to International. The new airport, Western Sydney Nancy-Bird Walton International Airport (WSI) will open in 2027. They are advertising 6tph frequencies on the new trainline under construction, but a requirement to interchange at St Marys to get to Central (51 minutes to Central, 8tph peak, 4tph off peak).",AskChicago,0,1744593671.0,71,https://reddit.com/r/AskChicago/comments/1jyn6yn/is_it_safe_to_get_the_train_from_ohare/,"Is it safe to get the train from O'Hare International Airport? Context: I am an Australian, living in Sydney. My sister and her family moved to Chicago last year. The company my dad works for has offices in Chicago, so he gets to visit her every now and again. Sadly I am yet to visit.

My dad just flew in to Chicago to visit my sister (she lives in the northern suburbs near Wrigley Field; they often walk to events at the stadium). When he is there for work the company sends him a taxi, but this time her is there purely to visit the family. He was instructed by my brother in law that under no circumstances to get the train from O'Hare. He mentioned violent crime and homeless people soliciting for funds. He then suggested a taxi from the Airport to their place as (his claim) it is difficult to drive to the airport and arrange a pick up. I was very confused by this suggestion. *""2pm is peak hour"".*

My plan for when I eventually visit was to get the train from O'Hare to Irving Park, then the bus to her place, or purely to tick off a part of my adventure, to get the train into town, then change for the red line and head north. I am of the belief that one of the best ways to get to know a city is via its public transport network.

Seeing as O'Hare is one of the busiest airports in the world, I would have expected a large amount of people travelling to and from the airport every day, meaning a lot of eyes, thus less danger. My brother in law also mentioned that one was required to get a tram from the international terminal to the railway station.

**What are the facts on the ground?**

* Is crime actually an issue on the train? Crime is something I have honestly never throught of when on a train.
* Is there decent frequency to the Airport?
* Are there many homeless people on the trains soliciting for funds?
* Is my BIL just not wanting to pick up dad from the airport?

For context and comparison, at Sydney Kingsford-Smith (SYD) airport, there are two train stations, *Domestic* and *International* respectively. There are 8tph (trains per hour) during most time periods, with 4tph in the late night. It is 10 minutes from Central to Domestic, and 12 minutes to International. The new airport, Western Sydney Nancy-Bird Walton International Airport (WSI) will open in 2027. They are advertising 6tph frequencies on the new trainline under construction, but a requirement to interchange at St Marys to get to Central (51 minutes to Central, 8tph peak, 4tph off peak).",['Irving Park'],['danger'],1,Neutral/Concern,0.537,1,2025,True,Female Perspective
Safety and practicality for women in Humboldt Park?,"My partner and I are a lesbian couple. We found a really cool place in Humboldt Park around the Homan/Division corner, just west of the park. The unit was great but we don't know much about the area and have heard some mixed reviews on safety and if you can get by without a car. She works downtown, I work in Lakeview, so not super close but as not far as we are now (the burbs).

How is safety walking alone as a woman? Is it a queer-friendly neighborhood? Current or recent resident feedback would be incredible. Thanks y'all!",AskChicago,0,1769396196.0,18,https://reddit.com/r/AskChicago/comments/1qn41hn/safety_and_practicality_for_women_in_humboldt_park/,"Safety and practicality for women in Humboldt Park? My partner and I are a lesbian couple. We found a really cool place in Humboldt Park around the Homan/Division corner, just west of the park. The unit was great but we don't know much about the area and have heard some mixed reviews on safety and if you can get by without a car. She works downtown, I work in Lakeview, so not super close but as not far as we are now (the burbs).

How is safety walking alone as a woman? Is it a queer-friendly neighborhood? Current or recent resident feedback would be incredible. Thanks y'all!","['Lakeview', 'Humboldt Park']",['alone'],1,Positive/Reassuring,0.783,2,2026,True,Female Perspective
Safe outdoorsy option for woman within an hour of Chicago?,"Edit: I know I’m not looking for anything the same as CO, just that outdoor breather! Anything pretty/nature filled of course a bonus! 

TLDR: Looking for safe space to get away outdoors during the fall as a 30 y/o woman, with or without my 70 lb dog. Preferably within a 1.5 hour drive of Wicker Park

Moved to Chicago from Colorado this summer and I am pretty miserable after leaving everything I love behind (for work reasons): Good weather, hiking and accessible outdoor spaces, outdoor community, camping etc

Just looking for somewhere I can safely go for a breather but also away from huge amounts of people. Alone time is crucial to me, and there’s nowhere where everyone else isn’t also (understandably!!) I have a car and am willing to drive a bit, very used to driving 1-2 hours for casual hikes back home. 

I have Friday’s off, so going on off-weekend busy days is a great option for me!

Bonus if they are walking trails or great outdoor off leash opportunities for me and my dog! ",AskChicago,9,1759419755.0,50,https://reddit.com/r/AskChicago/comments/1nw7b0c/safe_outdoorsy_option_for_woman_within_an_hour_of/,"Safe outdoorsy option for woman within an hour of Chicago? Edit: I know I’m not looking for anything the same as CO, just that outdoor breather! Anything pretty/nature filled of course a bonus! 

TLDR: Looking for safe space to get away outdoors during the fall as a 30 y/o woman, with or without my 70 lb dog. Preferably within a 1.5 hour drive of Wicker Park

Moved to Chicago from Colorado this summer and I am pretty miserable after leaving everything I love behind (for work reasons): Good weather, hiking and accessible outdoor spaces, outdoor community, camping etc

Just looking for somewhere I can safely go for a breather but also away from huge amounts of people. Alone time is crucial to me, and there’s nowhere where everyone else isn’t also (understandably!!) I have a car and am willing to drive a bit, very used to driving 1-2 hours for casual hikes back home. 

I have Friday’s off, so going on off-weekend busy days is a great option for me!

Bonus if they are walking trails or great outdoor off leash opportunities for me and my dog! ",['Wicker Park'],['alone'],1,Neutral/Concern,0.395,15,2025,False,Female Perspective
Where can I 30F get away for a long weekend in January?,"Life just sucks right now and I need some alone time, looking for recs safe for a 30 year old female to go alone for a few nights. I work an insanely overstimulating job, so my top priority is just some space and some opportunities for quiet time. I will be choosing a time in January.

Looking for:  
\-Within 3 hours drive of Wicker Park (I have an all weather vehicle)  
\-Safe for 30 y/o woman alone  
\-Time off will be Thursday-Sunday, weekend flexible and trip can be all days or partial days  
\-Wanting something quiet/relaxing  
\-Budgeting ideally within $1500 for the weekend, short or long

Even if its just an affordable hotel/BnB a little out of the way where I can go and just read and sleep and relax I'm open to it! As long as it's a private room or private place. 

  
Bonuses:  
\-Outdoor/nature (limiting bc of winter I know, but I love a good freezing cold walk!)  
\-Fireplace or hot tub   
\-Not super kid-heavy (I work with kids)  
\-A good restaurant or two (Not picky, but I love mexican, Asian cuisine (esp ramen), and a breakfast diner is always a winner!)

Thank you &lt;3 ",AskChicago,40,1764783862.0,75,https://reddit.com/r/AskChicago/comments/1pdaz2q/where_can_i_30f_get_away_for_a_long_weekend_in/,"Where can I 30F get away for a long weekend in January? Life just sucks right now and I need some alone time, looking for recs safe for a 30 year old female to go alone for a few nights. I work an insanely overstimulating job, so my top priority is just some space and some opportunities for quiet time. I will be choosing a time in January.

Looking for:  
\-Within 3 hours drive of Wicker Park (I have an all weather vehicle)  
\-Safe for 30 y/o woman alone  
\-Time off will be Thursday-Sunday, weekend flexible and trip can be all days or partial days  
\-Wanting something quiet/relaxing  
\-Budgeting ideally within $1500 for the weekend, short or long

Even if its just an affordable hotel/BnB a little out of the way where I can go and just read and sleep and relax I'm open to it! As long as it's a private room or private place. 

  
Bonuses:  
\-Outdoor/nature (limiting bc of winter I know, but I love a good freezing cold walk!)  
\-Fireplace or hot tub   
\-Not super kid-heavy (I work with kids)  
\-A good restaurant or two (Not picky, but I love mexican, Asian cuisine (esp ramen), and a breakfast diner is always a winner!)

Thank you &lt;3 ",['Wicker Park'],['alone'],1,Negative/Fear,0.7,17,2025,False,Female Perspective
How is Bridgeport? Is it safe?,"Hi everyone! I'm (21,F) considering an apartment in Bridgeport, and I have never been to that area before. I'm from out of state, so I know nothing about this! Is it generally safe for a female to walk around? Any streets I should avoid? What is the vibe like? Any insights would be very appreciated!!!!",AskChicago,0,1753226075.0,14,https://reddit.com/r/AskChicago/comments/1m6tav8/how_is_bridgeport_is_it_safe/,"How is Bridgeport? Is it safe? Hi everyone! I'm (21,F) considering an apartment in Bridgeport, and I have never been to that area before. I'm from out of state, so I know nothing about this! Is it generally safe for a female to walk around? Any streets I should avoid? What is the vibe like? Any insights would be very appreciated!!!!",['Bridgeport'],['avoid'],1,Neutral/Concern,0.511,23,2025,True,Female Perspective
Rogers Park: Chase and Damen safety?,"I am very aware I am asking the question not a lot of people want to read, hell, I don’t enjoy reading these. However, it has come to that point in my life where we want to move back to Chicago after 10 years. 

We have been full steam ahead on a lease for a super great apartment on Chase Ave and Damen, I looked up safety at first and saw nothing too alarming, but have made the mistake of looking at territories/specific Chicago crime subs. 

Does anyone have experience in this area and can speak to it being safe as a young woman? I’m cool with it not being 100% great, but also would like to avoid violent crime if possible. ",AskChicago,0,1761713246.0,4,https://reddit.com/r/AskChicago/comments/1oivmwz/rogers_park_chase_and_damen_safety/,"Rogers Park: Chase and Damen safety? I am very aware I am asking the question not a lot of people want to read, hell, I don’t enjoy reading these. However, it has come to that point in my life where we want to move back to Chicago after 10 years. 

We have been full steam ahead on a lease for a super great apartment on Chase Ave and Damen, I looked up safety at first and saw nothing too alarming, but have made the mistake of looking at territories/specific Chicago crime subs. 

Does anyone have experience in this area and can speak to it being safe as a young woman? I’m cool with it not being 100% great, but also would like to avoid violent crime if possible. ",['Rogers Park'],['avoid'],1,Negative/Fear,0.434,4,2025,False,Female Perspective
What is the general noise level outside on NYE (pre-midnight)?,"Is it like more like just a busy weekend night? Or more like Times Square where it’s \*full-on\* packed?

I’m heading to the city for one or two nights (depending on the answers here 😃) with my husband and 4 year old. Don’t want to stay too far out of the way since it’s a short trip, but I know that the loop etc can be kinda loud at night even on a normal night. Is it unreasonable to think my daughter will be able to go to sleep earlier in the evening? (Will bring a white noise machine too to help)

Also happy if the answer is neighborhood dependent and there’s one or two areas we should avoid because of street festivities. I think we’ll try to be far enough from Navy Pier since it looks like there’s a bunch of stuff there…but not sure how abundant and spread out all the fireworks are..?

Thanks all! ",AskChicago,0,1766152210.0,5,https://reddit.com/r/AskChicago/comments/1pqlktm/what_is_the_general_noise_level_outside_on_nye/,"What is the general noise level outside on NYE (pre-midnight)? Is it like more like just a busy weekend night? Or more like Times Square where it’s \*full-on\* packed?

I’m heading to the city for one or two nights (depending on the answers here 😃) with my husband and 4 year old. Don’t want to stay too far out of the way since it’s a short trip, but I know that the loop etc can be kinda loud at night even on a normal night. Is it unreasonable to think my daughter will be able to go to sleep earlier in the evening? (Will bring a white noise machine too to help)

Also happy if the answer is neighborhood dependent and there’s one or two areas we should avoid because of street festivities. I think we’ll try to be far enough from Navy Pier since it looks like there’s a bunch of stuff there…but not sure how abundant and spread out all the fireworks are..?

Thanks all! ","['Loop', 'Navy Pier']",['avoid'],1,Negative/Fear,0.558,13,2025,False,Female Perspective
Thoughts on safety for a growing family around the edge of West loop/near the UC?,"Looking at renting spot around 2 blocks east (or half a mile) of the United Center, right at the west edge of West loop. My wife is due winter 2025. We visited the area and nothing seemed awry, but I know historically people avoid the areas around the UC.
Should I be concerned about the area at all? We wouldn’t have any reason to venture further westward from that location or past the UC. The building comes with a garage parking spot which she would use to drive to work until she delivers, and I would be taking public transport downtown for work.",AskChicago,0,1751309356.0,10,https://reddit.com/r/AskChicago/comments/1lofrk8/thoughts_on_safety_for_a_growing_family_around/,"Thoughts on safety for a growing family around the edge of West loop/near the UC? Looking at renting spot around 2 blocks east (or half a mile) of the United Center, right at the west edge of West loop. My wife is due winter 2025. We visited the area and nothing seemed awry, but I know historically people avoid the areas around the UC.
Should I be concerned about the area at all? We wouldn’t have any reason to venture further westward from that location or past the UC. The building comes with a garage parking spot which she would use to drive to work until she delivers, and I would be taking public transport downtown for work.","['Loop', 'West Loop']",['avoid'],1,Neutral/Concern,0.619,18,2025,False,Female Perspective
Tips for wife + 2 yr old exploring Chicago?,"Hey everyone, European here. I’ll be in Chicago next week for business, and my wife and our 2 yr old daughter are coming along. While I’m working, they’ll be out exploring the city, so I wanted to ask for some tips. We’ll stay at the Marriott Mag Mile, so I imagine there’s plenty of shopping and dining around. A few questions:

Are there any areas they should avoid for safety? They’ll only be out during the day.

Is subway safe and stroller-friendly?

They’ve already planned to visit the Riverwalk, Navy Pier, Aquarium, and Millennium / Maggie Daley Park. Any other recommendations?

Any other tips, especially from parents who’ve done Chicago with a toddler?

I know I’m asking a lot about safety, but this will be their first time exploring a new city without me, so just want to make sure they have a smooth experience. Thanks in advance!",AskChicago,0,1741588829.0,13,https://reddit.com/r/AskChicago/comments/1j7sjxc/tips_for_wife_2_yr_old_exploring_chicago/,"Tips for wife + 2 yr old exploring Chicago? Hey everyone, European here. I’ll be in Chicago next week for business, and my wife and our 2 yr old daughter are coming along. While I’m working, they’ll be out exploring the city, so I wanted to ask for some tips. We’ll stay at the Marriott Mag Mile, so I imagine there’s plenty of shopping and dining around. A few questions:

Are there any areas they should avoid for safety? They’ll only be out during the day.

Is subway safe and stroller-friendly?

They’ve already planned to visit the Riverwalk, Navy Pier, Aquarium, and Millennium / Maggie Daley Park. Any other recommendations?

Any other tips, especially from parents who’ve done Chicago with a toddler?

I know I’m asking a lot about safety, but this will be their first time exploring a new city without me, so just want to make sure they have a smooth experience. Thanks in advance!",['Navy Pier'],['avoid'],1,Neutral/Concern,0.692,6,2025,False,Female Perspective
curious about these chicago neighborhoods?,"Hello! I’ve been casually looking at apartments because my friend and I are moving to Chicago in May. I was hoping to get some insight from Chicagoans on these neighborhoods since I’m not as familiar with them:

Noble Square/West Town area

Logan Square

Pilsen

Buena Park

Hyde Park

Just some background info:

We are both mid20sF. I’ll be working downtown and will need easy transit access. My friend will probably find a coffee shop job in whatever neighborhood we end up. She will have a car and is willing to pay whatever she needs for parking. We both like nightlife, but want to feel safe as young women. We’re also LGBTQ+ if that matters. Our budget is $2200 for a 2 bedroom.

So Chicagoans, what are your thoughts on these neighborhoods? Particularly where to avoid. TIA!

(p.s. You don’t have to share insight on each neighborhood listed, just whatever you’re familiar with. Any advice is welcome 🤗)",AskChicago,0,1770318609.0,19,https://reddit.com/r/AskChicago/comments/1qwufqi/curious_about_these_chicago_neighborhoods/,"curious about these chicago neighborhoods? Hello! I’ve been casually looking at apartments because my friend and I are moving to Chicago in May. I was hoping to get some insight from Chicagoans on these neighborhoods since I’m not as familiar with them:

Noble Square/West Town area

Logan Square

Pilsen

Buena Park

Hyde Park

Just some background info:

We are both mid20sF. I’ll be working downtown and will need easy transit access. My friend will probably find a coffee shop job in whatever neighborhood we end up. She will have a car and is willing to pay whatever she needs for parking. We both like nightlife, but want to feel safe as young women. We’re also LGBTQ+ if that matters. Our budget is $2200 for a 2 bedroom.

So Chicagoans, what are your thoughts on these neighborhoods? Particularly where to avoid. TIA!

(p.s. You don’t have to share insight on each neighborhood listed, just whatever you’re familiar with. Any advice is welcome 🤗)","['Logan Square', 'Pilsen', 'Hyde Park', 'West Town', 'Noble Square']",['avoid'],1,Neutral/Concern,0.599,19,2026,False,Female Perspective
Can someone tell me about Albany Park?,"I just got a job in that part of the city, &amp; whilst celebrating this, a few friends informed me this was a ”bad” part of the city. When I went there for my interview (granted, it was daytime), I didn't feel it was bad at all. I grew up in Oak Lawn, which lies just outside the south side of the city. I'm a 20 y/o female who will have a few day and night shifts mixed up a bit. So, is there anything ”weird” I should expect or avoid?",chicago,1,1350274404.0,17,https://reddit.com/r/chicago/comments/11hvzv/can_someone_tell_me_about_albany_park/,"Can someone tell me about Albany Park? I just got a job in that part of the city, &amp; whilst celebrating this, a few friends informed me this was a ”bad” part of the city. When I went there for my interview (granted, it was daytime), I didn't feel it was bad at all. I grew up in Oak Lawn, which lies just outside the south side of the city. I'm a 20 y/o female who will have a few day and night shifts mixed up a bit. So, is there anything ”weird” I should expect or avoid?",['Albany Park'],['avoid'],1,Neutral/Concern,0.525,4,2012,False,Female Perspective
Planning Exploratory Visit,"My wife and I visited last February for a weekend and we loved the city, now of course we are considering moving there if things work out job wise.  

In the next few weeks we want to visit for 3-4 days and really try to scope out the neighborhoods, as opposed to hitting up the more touristy areas. Basically we want to see the city and what the day-to-day pace is like. We plan to ride the L during rush hour to get an idea of how long it takes to get places and what the crowds are like, scope out area grocery stores, parks, etc. All things that would be good to know for moving to a neighborhood.

At the moment we are looking at areas where we could score a 1B for under $1300, cheaper the better of course. We would consider studio if it was a good size, but we have two cats so a tiny studio won't work for us. 

On our last visit and likely for this one as well we are staying in Wicker Park, which for better or worse seems to be the hipster capital of the city. We want to explorer Wicker Park/Logan Square and the sounding areas. While a bit hipstery we like it as a good starting point for living in Chicago, not super expensive, close to lots of food and drink, on the Blue Line, etc.  

It looks like the farther west you go from Wicker/Logan Square the seedier the area gets, is there any specific cutoff where we should not consider areas past X street? Any tips for areas within those neighborhoods that are good/bad?

Rogers Park and Edgewater seem promising from what I've read here, but we didn't get that far north on our last visit. Any recommended starting places for exploring up that way?

I've also heard Oak Park is nice, how does that compare to the Logan Square / Wicker Park area? Is it more suburb like or still pretty urban? 


Lastly are there any areas we should avoid all together as two out of town people wandering through neighborhoods? Obviously we shouldn't Stroll through Austin in the middle of the night, but are there any specific areas that we are better off keeping away from?

Thanks! Let me know if I need to expound anywhere!
",chicago,5,1469373924.0,9,https://reddit.com/r/chicago/comments/4udjfm/planning_exploratory_visit/,"Planning Exploratory Visit My wife and I visited last February for a weekend and we loved the city, now of course we are considering moving there if things work out job wise.  

In the next few weeks we want to visit for 3-4 days and really try to scope out the neighborhoods, as opposed to hitting up the more touristy areas. Basically we want to see the city and what the day-to-day pace is like. We plan to ride the L during rush hour to get an idea of how long it takes to get places and what the crowds are like, scope out area grocery stores, parks, etc. All things that would be good to know for moving to a neighborhood.

At the moment we are looking at areas where we could score a 1B for under $1300, cheaper the better of course. We would consider studio if it was a good size, but we have two cats so a tiny studio won't work for us. 

On our last visit and likely for this one as well we are staying in Wicker Park, which for better or worse seems to be the hipster capital of the city. We want to explorer Wicker Park/Logan Square and the sounding areas. While a bit hipstery we like it as a good starting point for living in Chicago, not super expensive, close to lots of food and drink, on the Blue Line, etc.  

It looks like the farther west you go from Wicker/Logan Square the seedier the area gets, is there any specific cutoff where we should not consider areas past X street? Any tips for areas within those neighborhoods that are good/bad?

Rogers Park and Edgewater seem promising from what I've read here, but we didn't get that far north on our last visit. Any recommended starting places for exploring up that way?

I've also heard Oak Park is nice, how does that compare to the Logan Square / Wicker Park area? Is it more suburb like or still pretty urban? 


Lastly are there any areas we should avoid all together as two out of town people wandering through neighborhoods? Obviously we shouldn't Stroll through Austin in the middle of the night, but are there any specific areas that we are better off keeping away from?

Thanks! Let me know if I need to expound anywhere!
","['Wicker Park', 'Logan Square', 'Rogers Park', 'Edgewater', 'Austin']",['avoid'],1,Positive/Reassuring,0.779,15,2016,False,Female Perspective
"Moving to Chicago soon, what areas do I avoid when looking to find a place?","Hi, Me and my girlfriend are moving to Chicago soon and will be working downtown near lincoln park. We are looking for a home under 150K possibly. What areas should we avoid looking at? Obviously at that price range we might end up on the ""bad side"" and I would like to avoid that. Thanks!",chicago,0,1419896271.0,21,https://reddit.com/r/chicago/comments/2qrdey/moving_to_chicago_soon_what_areas_do_i_avoid_when/,"Moving to Chicago soon, what areas do I avoid when looking to find a place? Hi, Me and my girlfriend are moving to Chicago soon and will be working downtown near lincoln park. We are looking for a home under 150K possibly. What areas should we avoid looking at? Obviously at that price range we might end up on the ""bad side"" and I would like to avoid that. Thanks!",['Lincoln Park'],['avoid'],1,Negative/Fear,0.458,23,2014,True,Female Perspective
Moving to Chicago from out of state: HELP!,"Hey guys, 

I am moving to Chicago from Arizona (I know, I know...) here in the next couple weeks for a new job in River North. Since I have never lived in a big city like this, I am a little nervous and have a ton of questions about moving, living, costs, safety, cars, etc...

-----------------------------------------------
**Information:**

I am 24 years old, wife is 26. We have a young puppy (1 year and 1 month) who needs a lot of exercise (Jack Russell - so possibly looking at areas near a park). As far as what we are looking for kind of varies. We are not huge into partying, but we do like going and checking out different events whether they are drinking related (beer festivals), farmers markets, museums, concerts, etc... We really like a lot of the local restaurants in our area currently (think high review semi-cheap places on Yelp). We currently are living in a 1Br1Ba apartment and are perfectly content with finding something similar in Chicago. 

We are looking for some sort of neighborhood that matches all of these things as much as possible (with decent ability to get to public transportation)

----------------------------------------------------

**Living:**

Based on our information, do you guys have any recommendations for neighborhoods? Which neighborhoods match us and for what reasons? 

We are planning on renting an Airbnb for the first 2ish weeks to get a lay of the land. Any locations we should avoid or check out immediately?

------------------------------------------------------

**Costs:**

What should we watch out for? Currently we are paying about 20% for rent, but will most likely be paying 25-30% for rent here in Chicago. Will this have a huge impact on standard of living, or is this just kind of offset in other areas?

------------------------------------------------------

**Car:**

The wife and I are planning on bringing a car (paid off) however most places we look warn against it. The primary use for the car would be travelling out of state to visit nearby areas for vacations here and there. What do you guys think about this? Is parking something that is pricy everywhere in Chicago or just downtown?

------------------------------------------------------

**Safety:** 

I know this section is probably controversial, because we hear about it all on the news. I know it's not as bad as it is made out to be but what are areas we should avoid looking for housing due to safety reasons?

------------------------------------------------------

Thank you guys in advance for the answers. I am really excited to start checking out the city and all of the good food!",chicago,0,1520275655.0,20,https://reddit.com/r/chicago/comments/8288sn/moving_to_chicago_from_out_of_state_help/,"Moving to Chicago from out of state: HELP! Hey guys, 

I am moving to Chicago from Arizona (I know, I know...) here in the next couple weeks for a new job in River North. Since I have never lived in a big city like this, I am a little nervous and have a ton of questions about moving, living, costs, safety, cars, etc...

-----------------------------------------------
**Information:**

I am 24 years old, wife is 26. We have a young puppy (1 year and 1 month) who needs a lot of exercise (Jack Russell - so possibly looking at areas near a park). As far as what we are looking for kind of varies. We are not huge into partying, but we do like going and checking out different events whether they are drinking related (beer festivals), farmers markets, museums, concerts, etc... We really like a lot of the local restaurants in our area currently (think high review semi-cheap places on Yelp). We currently are living in a 1Br1Ba apartment and are perfectly content with finding something similar in Chicago. 

We are looking for some sort of neighborhood that matches all of these things as much as possible (with decent ability to get to public transportation)

----------------------------------------------------

**Living:**

Based on our information, do you guys have any recommendations for neighborhoods? Which neighborhoods match us and for what reasons? 

We are planning on renting an Airbnb for the first 2ish weeks to get a lay of the land. Any locations we should avoid or check out immediately?

------------------------------------------------------

**Costs:**

What should we watch out for? Currently we are paying about 20% for rent, but will most likely be paying 25-30% for rent here in Chicago. Will this have a huge impact on standard of living, or is this just kind of offset in other areas?

------------------------------------------------------

**Car:**

The wife and I are planning on bringing a car (paid off) however most places we look warn against it. The primary use for the car would be travelling out of state to visit nearby areas for vacations here and there. What do you guys think about this? Is parking something that is pricy everywhere in Chicago or just downtown?

------------------------------------------------------

**Safety:** 

I know this section is probably controversial, because we hear about it all on the news. I know it's not as bad as it is made out to be but what are areas we should avoid looking for housing due to safety reasons?

------------------------------------------------------

Thank you guys in advance for the answers. I am really excited to start checking out the city and all of the good food!",['River North'],['avoid'],1,Negative/Fear,0.549,18,2018,False,Female Perspective
Talk to me about the Northeast corner of Uptown?,"Hey guys!  I've read all the posts in the past two years that have dealt with Uptown, but most of the posts have been about staying out of the area between Lawrence and Wilson, or about the Buena Park area.  I'm currently eyeing an apartment near Foster and Sheridan (specifically, on Winona between Sheridan and inner LSD) and was wondering if anyone could tell me their views on the area.

I already used Every Block and have walked and driven around, and it seems pretty safe.  But does anyone who lives in/visits the area often have any other opinions?  Does the panhandling get too bad, or is it just one or two people per block?  Also, are the Berwyn and/or Argyle red line stops safe, or should I consider taking cabs home if I'm out past eleven?

For reference, I'm a woman in my mid-twenties and I'm not really physically intimidating, so if it isn't a safe place to be for that demographic, I'd really like to know.

Thanks!",chicago,8,1402009941.0,29,https://reddit.com/r/chicago/comments/27fbc1/talk_to_me_about_the_northeast_corner_of_uptown/,"Talk to me about the Northeast corner of Uptown? Hey guys!  I've read all the posts in the past two years that have dealt with Uptown, but most of the posts have been about staying out of the area between Lawrence and Wilson, or about the Buena Park area.  I'm currently eyeing an apartment near Foster and Sheridan (specifically, on Winona between Sheridan and inner LSD) and was wondering if anyone could tell me their views on the area.

I already used Every Block and have walked and driven around, and it seems pretty safe.  But does anyone who lives in/visits the area often have any other opinions?  Does the panhandling get too bad, or is it just one or two people per block?  Also, are the Berwyn and/or Argyle red line stops safe, or should I consider taking cabs home if I'm out past eleven?

For reference, I'm a woman in my mid-twenties and I'm not really physically intimidating, so if it isn't a safe place to be for that demographic, I'd really like to know.

Thanks!",['Uptown'],['intimidating'],1,Neutral/Concern,0.827,23,2014,True,Female Perspective
safety for trans women?,"Hey everyone, I'm going to be starting grad school at uchicago in the fall and my partner has a job elsewhere in the city. We're trying to decide where to look for apartments-- is the kenwood/woodlawn/hyde park area safe for trans women in your experience? Are there specific places to avoid or to gravitate towards? Thanks in advance!",chicago,0,1648772997.0,7,https://reddit.com/r/chicago/comments/ttdvxp/safety_for_trans_women/,"safety for trans women? Hey everyone, I'm going to be starting grad school at uchicago in the fall and my partner has a job elsewhere in the city. We're trying to decide where to look for apartments-- is the kenwood/woodlawn/hyde park area safe for trans women in your experience? Are there specific places to avoid or to gravitate towards? Thanks in advance!","['Hyde Park', 'Woodlawn']",['avoid'],1,Neutral/Concern,0.727,0,2022,True,Female Perspective
Ahhh Chicago...Man shot on Estes Ave at 8am this morning. Gunman took his own young daughter to the hit and used her to hide his identity as he fled.,"Don't really expect to hear gunshots so early in the morning but at 8am this morning a man in Rogers Park was shot twice. The assailant walked up behind the man with his young daughter in tow, shot the other man, then picked up his daughter and used her positioning to hide his face from onlookers as he fled south through the alleyway. 

This man is clearly a danger to this neighborhood....that much we can say from his actions. But more importantly, he is an absolute danger to his child. Any man who takes his own child to go shoot/kill another human being is clearly unstable in his ways of thinking. I never thought I would hear of such a thing but it has happened. These sorts of events make me despise the criminal element in this city. ",chicago,0,1522258420.0,6,https://reddit.com/r/chicago/comments/87ttwr/ahhh_chicagoman_shot_on_estes_ave_at_8am_this/,"Ahhh Chicago...Man shot on Estes Ave at 8am this morning. Gunman took his own young daughter to the hit and used her to hide his identity as he fled. Don't really expect to hear gunshots so early in the morning but at 8am this morning a man in Rogers Park was shot twice. The assailant walked up behind the man with his young daughter in tow, shot the other man, then picked up his daughter and used her positioning to hide his face from onlookers as he fled south through the alleyway. 

This man is clearly a danger to this neighborhood....that much we can say from his actions. But more importantly, he is an absolute danger to his child. Any man who takes his own child to go shoot/kill another human being is clearly unstable in his ways of thinking. I never thought I would hear of such a thing but it has happened. These sorts of events make me despise the criminal element in this city. ",['Rogers Park'],['danger'],1,Negative/Fear,0.845,17,2018,False,Female Perspective
"60-year-old Vietnamese American man attacked from behind in Chicago’s Uptown, daughter says: ‘I don’t think that we should keep silent’",,chicago,298,1616850803.0,48,https://reddit.com/r/chicago/comments/medjv0/60yearold_vietnamese_american_man_attacked_from/,"60-year-old Vietnamese American man attacked from behind in Chicago’s Uptown, daughter says: ‘I don’t think that we should keep silent’ ",['Uptown'],['attacked'],1,Negative/Fear,0.695,13,2021,False,Female Perspective
ICE in Ravenswood,At Cullom and Paulina heading south- Threatening to detain a woman because she was allegedly following them. Shoutout to all my neighbors for coming together and not letting them harass her,chicago,2465,1760109965.0,225,https://reddit.com/r/chicago/comments/1o33zw5/ice_in_ravenswood/,ICE in Ravenswood At Cullom and Paulina heading south- Threatening to detain a woman because she was allegedly following them. Shoutout to all my neighbors for coming together and not letting them harass her,['Ravenswood'],['threatening'],1,Neutral/Concern,0.495,15,2025,False,Female Perspective
Tips for moving to Wicker Park/Bucktown area?,"I am planning on moving to the Wicker Park/Bucktown area from Oak Park in June or July because it's in between my school and my girlfriend's job, and seems cool. I'm planning on being walking distance from the Damen or Western blueline stops while being far enough away for it to not be loud. Budget is roughly $1,000 for a 1BR. I plan on checking craigslist and the reader.

Any tips? Specific neighborhoods/parts of town to avoid altogether?

Thanks!",chicago,1,1332299607.0,5,https://reddit.com/r/chicago/comments/r670z/tips_for_moving_to_wicker_parkbucktown_area/,"Tips for moving to Wicker Park/Bucktown area? I am planning on moving to the Wicker Park/Bucktown area from Oak Park in June or July because it's in between my school and my girlfriend's job, and seems cool. I'm planning on being walking distance from the Damen or Western blueline stops while being far enough away for it to not be loud. Budget is roughly $1,000 for a 1BR. I plan on checking craigslist and the reader.

Any tips? Specific neighborhoods/parts of town to avoid altogether?

Thanks!","['Wicker Park', 'Bucktown']",['avoid'],1,Positive/Reassuring,0.796,3,2012,True,Female Perspective
What are our neighbors talking about? (05-Feb - 12-Feb Edition),"##Hello Chicago!

 I've combed through many of our neighbor's subreddits, and these are the top posts from this week:

----- 

  * **r/ChicagoSuburbs**
    * [Arlington Heights man reported missing] (/r/ChicagoSuburbs/comments/450aqu/arlington_heights_man_reported_missing/) - By /u/emememaker73 +30
    * [The Week In Review: Suburban News of the Past Week (2/7/16)] (/r/ChicagoSuburbs/comments/44lubc/the_week_in_review_suburban_news_of_the_past_week/) - By /u/emememaker73 +18

  * **r/chicagobeer**
    * [If you have nothing to do on friday..] (/r/chicagobeer/comments/451np2/if_you_have_nothing_to_do_on_friday/) - By /u/pretty_mediocre +19
    * [We had an awesome bottle share. Thanks to everyone that came out and brought some fantastic beer!!] (/r/chicagobeer/comments/45d2av/we_had_an_awesome_bottle_share_thanks_to_everyone/) - By /u/wrigsam +18

  * **r/ChicagoNWside**
    * [Locate Your Neighborhood] (/r/ChicagoNWside/comments/44ilj2/locate_your_neighborhood/) - By /u/SwaggeringBy +16
    * [""Irving Park Tea Store, 3613 W Irving Park Rd - c 1910"" Chuckman Chicago Nostalgia] (/r/ChicagoNWside/comments/45268c/irving_park_tea_store_3613_w_irving_park_rd_c/) - By /u/blackmk8 +14

  * **r/chibike**
    * [Logan Square multi-vehicle and bike crash UPDATE] (/r/chibike/comments/44y3ly/logan_square_multivehicle_and_bike_crash_update/) - By /u/yasmeens4 +21
    * [Winter Bike Swap 2016 in Chicago on Feb 20] (/r/chibike/comments/44lzbe/winter_bike_swap_2016_in_chicago_on_feb_20/) - By /u/yasmeens4 +15

  * **r/EdgewaterRogersPark**
    * [Paintball Attackers Brutally Injure Edgewater Man And His Dog] (/r/EdgewaterRogersPark/comments/459quj/paintball_attackers_brutally_injure_edgewater_man/) - By /u/Bukharin +11
    * [I'm thinking about moving to the Juneway Jungle] (/r/EdgewaterRogersPark/comments/453sjp/im_thinking_about_moving_to_the_juneway_jungle/) - By /u/SuperheroChuck +11

  * **r/chicagomusicscene**
    * [My band Freaks for Geeks just released a new 4-track rock/hip-hop EP.] (/r/chicagomusicscene/comments/44xe81/my_band_freaks_for_geeks_just_released_a_new/) - By /u/ericslager +8
    * [Travis of ONO at The Hideout for Psych Fest 7] (/r/chicagomusicscene/comments/44t1o9/travis_of_ono_at_the_hideout_for_psych_fest_7/) - By /u/ashtarrising +6

  * **r/chicagofood**
    * [Where to find fish fries in and around Chicago this Lent (includes interactive map)] (/r/chicagofood/comments/454xi2/where_to_find_fish_fries_in_and_around_chicago/) - By /u/mattfromchicago +8
    * [Chicago Black Restaurants Week (through Feb. 13)] (/r/chicagofood/comments/44sztr/chicago_black_restaurants_week_through_feb_13/) - By /u/mattfromchicago +5

  * **r/RunnersInChicago**
    * [Perhaps I need to go to more fun runs. Fleet Feet appears to be quite the matchmaker] (/r/RunnersInChicago/comments/453g0m/perhaps_i_need_to_go_to_more_fun_runs_fleet_feet/) - By /u/EPD11183 +8
    * [Chicago Runners Say These Are The City's Most Dangerous Intersections (MAP)] (/r/RunnersInChicago/comments/4593d9/chicago_runners_say_these_are_the_citys_most/) - By /u/harrylee773 +5

  * **r/NearWestSuburbs**
    * [People of Forest Park, what can you tell me about your town?] (/r/NearWestSuburbs/comments/454xt6/people_of_forest_park_what_can_you_tell_me_about/) - By /u/rancidturkey +9
    * [OPRF grad ""Big Mike"" Smith murdered after testifying in a criminal trial. Cops not even releasing funeral details. Wife and two year old survive.] (/r/NearWestSuburbs/comments/44gzvq/oprf_grad_big_mike_smith_murdered_after/) - By /u/yooperann +6

  * **r/ChicagoPics**
    * [Panorama of Chicago lake front, 1900.] (/r/ChicagoPics/comments/458yyk/panorama_of_chicago_lake_front_1900/) - By /u/michaelconfoy +8
    * [Leaning tower of Niles! Wonderful architecture!] (/r/ChicagoPics/comments/44izjf/leaning_tower_of_niles_wonderful_architecture/) - By /u/nevinbabu +5

  * **r/chicagoEDM**
    * [Anyone going to STS9 on Saturday at the Aragon?] (/r/chicagoEDM/comments/45aeqy/anyone_going_to_sts9_on_saturday_at_the_aragon/) - By /u/polo1027 +3
    * [I have an extra ticket for Galantis this Wed.] (/r/chicagoEDM/comments/44v5k6/i_have_an_extra_ticket_for_galantis_this_wed/) - By /u/BreezyLlama +3

  * **r/undergroundchicago**
    * [[Fresh Video] Qari - Caterpillar, Butterfly] (/r/undergroundchicago/comments/4502z2/fresh_video_qari_caterpillar_butterfly/) - By /u/TheSox3 +3
    * [[Fresh] Calez - Social Media (Real Friends Remix)] (/r/undergroundchicago/comments/45bzjp/fresh_calez_social_media_real_friends_remix/) - By /u/TheSox3 +2

  * **r/ChicagoMotorcycles**
    * [Anyone else get the bike out this past weekend?] (/r/ChicagoMotorcycles/comments/44s6ny/anyone_else_get_the_bike_out_this_past_weekend/) - By /u/addsubtract +5
    * [My fingers hurt from riding in this weather, but I loved every second of it.] (/r/ChicagoMotorcycles/comments/45c5wz/my_fingers_hurt_from_riding_in_this_weather_but_i/) - By /u/kayneargand +4


  * **r/BridgeportPilsen**
    * [Good place to run / do sprints in pilsen?] (/r/BridgeportPilsen/comments/44inml/good_place_to_run_do_sprints_in_pilsen/) - By /u/Cody_2 +2
    * [Plan for 500 Units on Vacant Pilsen Site Likely Won't Get Alderman's OK] (/r/BridgeportPilsen/comments/45f3s3/plan_for_500_units_on_vacant_pilsen_site_likely/) - By /u/pyro110 +1

  * **r/ChicagoFishing**
    * [Any kayak fisherman?] (/r/ChicagoFishing/comments/44m7ml/any_kayak_fisherman/) - By /u/tenfootballs +3







-----

Hi, I'm a bot. Thankfully, I'm not AutoModerator. My job is just to gather some of the best posts from our neighbors. The intention is to create awareness of the speciality subs that relate to r/Chicago. If you have a suggestion about what other subreddits that I should check out, send me a message via my creator: /u/MargretTatchersParty.",chicago,5,1455301798.0,2,https://reddit.com/r/chicago/comments/45g3fg/what_are_our_neighbors_talking_about_05feb_12feb/,"What are our neighbors talking about? (05-Feb - 12-Feb Edition) ##Hello Chicago!

 I've combed through many of our neighbor's subreddits, and these are the top posts from this week:

----- 

  * **r/ChicagoSuburbs**
    * [Arlington Heights man reported missing] (/r/ChicagoSuburbs/comments/450aqu/arlington_heights_man_reported_missing/) - By /u/emememaker73 +30
    * [The Week In Review: Suburban News of the Past Week (2/7/16)] (/r/ChicagoSuburbs/comments/44lubc/the_week_in_review_suburban_news_of_the_past_week/) - By /u/emememaker73 +18

  * **r/chicagobeer**
    * [If you have nothing to do on friday..] (/r/chicagobeer/comments/451np2/if_you_have_nothing_to_do_on_friday/) - By /u/pretty_mediocre +19
    * [We had an awesome bottle share. Thanks to everyone that came out and brought some fantastic beer!!] (/r/chicagobeer/comments/45d2av/we_had_an_awesome_bottle_share_thanks_to_everyone/) - By /u/wrigsam +18

  * **r/ChicagoNWside**
    * [Locate Your Neighborhood] (/r/ChicagoNWside/comments/44ilj2/locate_your_neighborhood/) - By /u/SwaggeringBy +16
    * [""Irving Park Tea Store, 3613 W Irving Park Rd - c 1910"" Chuckman Chicago Nostalgia] (/r/ChicagoNWside/comments/45268c/irving_park_tea_store_3613_w_irving_park_rd_c/) - By /u/blackmk8 +14

  * **r/chibike**
    * [Logan Square multi-vehicle and bike crash UPDATE] (/r/chibike/comments/44y3ly/logan_square_multivehicle_and_bike_crash_update/) - By /u/yasmeens4 +21
    * [Winter Bike Swap 2016 in Chicago on Feb 20] (/r/chibike/comments/44lzbe/winter_bike_swap_2016_in_chicago_on_feb_20/) - By /u/yasmeens4 +15

  * **r/EdgewaterRogersPark**
    * [Paintball Attackers Brutally Injure Edgewater Man And His Dog] (/r/EdgewaterRogersPark/comments/459quj/paintball_attackers_brutally_injure_edgewater_man/) - By /u/Bukharin +11
    * [I'm thinking about moving to the Juneway Jungle] (/r/EdgewaterRogersPark/comments/453sjp/im_thinking_about_moving_to_the_juneway_jungle/) - By /u/SuperheroChuck +11

  * **r/chicagomusicscene**
    * [My band Freaks for Geeks just released a new 4-track rock/hip-hop EP.] (/r/chicagomusicscene/comments/44xe81/my_band_freaks_for_geeks_just_released_a_new/) - By /u/ericslager +8
    * [Travis of ONO at The Hideout for Psych Fest 7] (/r/chicagomusicscene/comments/44t1o9/travis_of_ono_at_the_hideout_for_psych_fest_7/) - By /u/ashtarrising +6

  * **r/chicagofood**
    * [Where to find fish fries in and around Chicago this Lent (includes interactive map)] (/r/chicagofood/comments/454xi2/where_to_find_fish_fries_in_and_around_chicago/) - By /u/mattfromchicago +8
    * [Chicago Black Restaurants Week (through Feb. 13)] (/r/chicagofood/comments/44sztr/chicago_black_restaurants_week_through_feb_13/) - By /u/mattfromchicago +5

  * **r/RunnersInChicago**
    * [Perhaps I need to go to more fun runs. Fleet Feet appears to be quite the matchmaker] (/r/RunnersInChicago/comments/453g0m/perhaps_i_need_to_go_to_more_fun_runs_fleet_feet/) - By /u/EPD11183 +8
    * [Chicago Runners Say These Are The City's Most Dangerous Intersections (MAP)] (/r/RunnersInChicago/comments/4593d9/chicago_runners_say_these_are_the_citys_most/) - By /u/harrylee773 +5

  * **r/NearWestSuburbs**
    * [People of Forest Park, what can you tell me about your town?] (/r/NearWestSuburbs/comments/454xt6/people_of_forest_park_what_can_you_tell_me_about/) - By /u/rancidturkey +9
    * [OPRF grad ""Big Mike"" Smith murdered after testifying in a criminal trial. Cops not even releasing funeral details. Wife and two year old survive.] (/r/NearWestSuburbs/comments/44gzvq/oprf_grad_big_mike_smith_murdered_after/) - By /u/yooperann +6

  * **r/ChicagoPics**
    * [Panorama of Chicago lake front, 1900.] (/r/ChicagoPics/comments/458yyk/panorama_of_chicago_lake_front_1900/) - By /u/michaelconfoy +8
    * [Leaning tower of Niles! Wonderful architecture!] (/r/ChicagoPics/comments/44izjf/leaning_tower_of_niles_wonderful_architecture/) - By /u/nevinbabu +5

  * **r/chicagoEDM**
    * [Anyone going to STS9 on Saturday at the Aragon?] (/r/chicagoEDM/comments/45aeqy/anyone_going_to_sts9_on_saturday_at_the_aragon/) - By /u/polo1027 +3
    * [I have an extra ticket for Galantis this Wed.] (/r/chicagoEDM/comments/44v5k6/i_have_an_extra_ticket_for_galantis_this_wed/) - By /u/BreezyLlama +3

  * **r/undergroundchicago**
    * [[Fresh Video] Qari - Caterpillar, Butterfly] (/r/undergroundchicago/comments/4502z2/fresh_video_qari_caterpillar_butterfly/) - By /u/TheSox3 +3
    * [[Fresh] Calez - Social Media (Real Friends Remix)] (/r/undergroundchicago/comments/45bzjp/fresh_calez_social_media_real_friends_remix/) - By /u/TheSox3 +2

  * **r/ChicagoMotorcycles**
    * [Anyone else get the bike out this past weekend?] (/r/ChicagoMotorcycles/comments/44s6ny/anyone_else_get_the_bike_out_this_past_weekend/) - By /u/addsubtract +5
    * [My fingers hurt from riding in this weather, but I loved every second of it.] (/r/ChicagoMotorcycles/comments/45c5wz/my_fingers_hurt_from_riding_in_this_weather_but_i/) - By /u/kayneargand +4


  * **r/BridgeportPilsen**
    * [Good place to run / do sprints in pilsen?] (/r/BridgeportPilsen/comments/44inml/good_place_to_run_do_sprints_in_pilsen/) - By /u/Cody_2 +2
    * [Plan for 500 Units on Vacant Pilsen Site Likely Won't Get Alderman's OK] (/r/BridgeportPilsen/comments/45f3s3/plan_for_500_units_on_vacant_pilsen_site_likely/) - By /u/pyro110 +1

  * **r/ChicagoFishing**
    * [Any kayak fisherman?] (/r/ChicagoFishing/comments/44m7ml/any_kayak_fisherman/) - By /u/tenfootballs +3







-----

Hi, I'm a bot. Thankfully, I'm not AutoModerator. My job is just to gather some of the best posts from our neighbors. The intention is to create awareness of the speciality subs that relate to r/Chicago. If you have a suggestion about what other subreddits that I should check out, send me a message via my creator: /u/MargretTatchersParty.","['Logan Square', 'Pilsen', 'Edgewater', 'Irving Park']",['dangerous'],1,Neutral/Concern,0.703,18,2016,False,Female Perspective
"Moving to Chicago, was hoping to get some local input on University Village/Pilsen/Bridgeport/Logan Square/Avondale.","My fiance and I are moving to CHI! She got an awesome promotion that requires us to move, and she'll be working downtown. We're making a trip out at the end of this month to find a 3-6 month sublet and plan on buying somewhere in the city after that. We've got enough of a down payment saved up to spend around $400k, and are looking primarily at multi-unit buildings so we can live in one unit and rent out the other(s). We're in our late 20's and plan on staying in Chicago or the midwest for quite a while since it's nice and close to family and where my fiance grew up. We like walkability, proximity to public trans, easyness of grabbing a cab to head to other neighborhoods/friends places on the weekends, and local restaurants/bars. 

What are your thoughts on currently living in University Village/Pilsen/Bridgeport/Logan Square/Avondale? From my research, these are the more affordable, up and coming, but still comfortable to live in now neighborhoods. Are there any areas in any of these neighborhoods we should avoid (some places seem way too cheap online)? Any areas we should try to stay near? Any other neighborhoods worth checking out? I've just reached out to a realtor who was recommended to me who knows these neighborhoods well, but would really like some more perspective on them. 

BTW - I know some people think buying like this is ridiculous, but it's a calculated long term investment decision. ",chicago,0,1370964045.0,10,https://reddit.com/r/chicago/comments/1g4iw7/moving_to_chicago_was_hoping_to_get_some_local/,"Moving to Chicago, was hoping to get some local input on University Village/Pilsen/Bridgeport/Logan Square/Avondale. My fiance and I are moving to CHI! She got an awesome promotion that requires us to move, and she'll be working downtown. We're making a trip out at the end of this month to find a 3-6 month sublet and plan on buying somewhere in the city after that. We've got enough of a down payment saved up to spend around $400k, and are looking primarily at multi-unit buildings so we can live in one unit and rent out the other(s). We're in our late 20's and plan on staying in Chicago or the midwest for quite a while since it's nice and close to family and where my fiance grew up. We like walkability, proximity to public trans, easyness of grabbing a cab to head to other neighborhoods/friends places on the weekends, and local restaurants/bars. 

What are your thoughts on currently living in University Village/Pilsen/Bridgeport/Logan Square/Avondale? From my research, these are the more affordable, up and coming, but still comfortable to live in now neighborhoods. Are there any areas in any of these neighborhoods we should avoid (some places seem way too cheap online)? Any areas we should try to stay near? Any other neighborhoods worth checking out? I've just reached out to a realtor who was recommended to me who knows these neighborhoods well, but would really like some more perspective on them. 

BTW - I know some people think buying like this is ridiculous, but it's a calculated long term investment decision. ","['Logan Square', 'Pilsen', 'Bridgeport', 'Avondale', 'University Village']",['avoid'],1,Positive/Reassuring,0.858,15,2013,False,Female Perspective
Moving...advice on Old Town?,"I have lived in Chicago for 11 months and am sick of my apartment and am looking to move.  I've been in Lakeview, and although I would love to live in Lincoln Park, rent for a 1 bedroom there is skyrocketing.  I'm considering studios in that area as well.  Today I saw a super cute studio in Old Town, near North and Fremont.  I'm not very familiar with the Old Town neighborhood and was hoping for some feedback about the area.  I'm a young (23) female, living alone, and will often come home late from class, work, or going out.  How safe is the area for walking alone, even at night? Any advice or opinions? ",chicago,7,1370391225.0,10,https://reddit.com/r/chicago/comments/1fos62/movingadvice_on_old_town/,"Moving...advice on Old Town? I have lived in Chicago for 11 months and am sick of my apartment and am looking to move.  I've been in Lakeview, and although I would love to live in Lincoln Park, rent for a 1 bedroom there is skyrocketing.  I'm considering studios in that area as well.  Today I saw a super cute studio in Old Town, near North and Fremont.  I'm not very familiar with the Old Town neighborhood and was hoping for some feedback about the area.  I'm a young (23) female, living alone, and will often come home late from class, work, or going out.  How safe is the area for walking alone, even at night? Any advice or opinions? ","['Lincoln Park', 'Lakeview']",['alone'],1,Positive/Reassuring,0.646,0,2013,True,Female Perspective
How safe is the Argyle stop?,"Hi!
First time apartment searching in Chicago.

Looking at some places that are in northeast Ravenswood, but my commute would be cutting through Uptown to take the Argyle Red. How safe is this walk and this train station? So many folks have told me to stay away from Uptown. I'm thinking of my fiance who is a mid-size female. We'd typically take the train during the day, but I'm sure we'd need to take it at night at times, perhaps her alone. I want to make sure she feels safe! Thanks for your help.",chicago,3,1434245381.0,23,https://reddit.com/r/chicago/comments/39rivs/how_safe_is_the_argyle_stop/,"How safe is the Argyle stop? Hi!
First time apartment searching in Chicago.

Looking at some places that are in northeast Ravenswood, but my commute would be cutting through Uptown to take the Argyle Red. How safe is this walk and this train station? So many folks have told me to stay away from Uptown. I'm thinking of my fiance who is a mid-size female. We'd typically take the train during the day, but I'm sure we'd need to take it at night at times, perhaps her alone. I want to make sure she feels safe! Thanks for your help.","['Uptown', 'Ravenswood']",['alone'],1,Neutral/Concern,0.639,1,2015,True,Female Perspective
Thoughts on Rogers Park and riding the late night L?,"H'lo!
Contemplating a move to Rogers Park with my girlfriend (both new to the city).  Is taking the Red Line late at night a bad idea if you're alone? Thoughts on the Rogers Park area? The apartment is right near Jarvis Red Line stop. Thanks!",chicago,18,1367256067.0,45,https://reddit.com/r/chicago/comments/1dckn9/thoughts_on_rogers_park_and_riding_the_late_night/,"Thoughts on Rogers Park and riding the late night L? H'lo!
Contemplating a move to Rogers Park with my girlfriend (both new to the city).  Is taking the Red Line late at night a bad idea if you're alone? Thoughts on the Rogers Park area? The apartment is right near Jarvis Red Line stop. Thanks!",['Rogers Park'],['alone'],1,Neutral/Concern,0.621,17,2013,False,Female Perspective
Is it safe to jog in downtown mid night?,"Sorry if this question sounds very ignorant and i hope this won't offend anyone.

I'm not American but i travel to USA quite a lot for business, mainly in Greater Detroit area, i would definitely never jog around Detroit let alone at night time. 

My friend who's only been to USA for 2 times, who doesn't understand the American culture (she thinks USA is exactly like Hollywood movies and believes 100% in the American dream) sent me some selfies of her jogging alone in mid night in downtown Chicago along the magnificent mile, i was like WTF?

But this makes me wonder, is what she's doing safe? She plans to do this every midnight if the weather is good, where even it's magnificent mile the streets are empty. Shall i talk her out of doing this? Or do you think she's good she will be safe?",chicago,28,1610515555.0,61,https://reddit.com/r/chicago/comments/kw9wiv/is_it_safe_to_jog_in_downtown_mid_night/,"Is it safe to jog in downtown mid night? Sorry if this question sounds very ignorant and i hope this won't offend anyone.

I'm not American but i travel to USA quite a lot for business, mainly in Greater Detroit area, i would definitely never jog around Detroit let alone at night time. 

My friend who's only been to USA for 2 times, who doesn't understand the American culture (she thinks USA is exactly like Hollywood movies and believes 100% in the American dream) sent me some selfies of her jogging alone in mid night in downtown Chicago along the magnificent mile, i was like WTF?

But this makes me wonder, is what she's doing safe? She plans to do this every midnight if the weather is good, where even it's magnificent mile the streets are empty. Shall i talk her out of doing this? Or do you think she's good she will be safe?",['Magnificent Mile'],['alone'],1,Negative/Fear,0.717,5,2021,False,Female Perspective
UPDATE: Electrified sidewalk in Lincoln Park/Lakeview — NOT resolved!! Need help,"LOCATION: The concrete sidewalk in front of Matisse Tavern and Half Shell, across from Trader Joe’s. Corner of Diversey and Orchard.

TLDR: dogs are still at risk of being electrocuted by the sidewalk on this corner, but the Alderman’s office refuses to block off the sidewalk or investigate any further until another injury occurs. New snow just fell that could cause the sidewalk to begin conducting again, leaving all dogs at risk walking by. Contact 44th alderman to let them know this should be investigated until it’s solved. 


Making this new post because my last one lost engagement and this is very much still a massive issue. The problem remains, so do not walk your dogs there. There’s a previous post on this sub from a couple days ago if you don’t know about this issue already. 

I’ve weirdly put myself in the middle of this because I’m so disappointed by how this has been handled. I’m frustrated to say the least, mostly at the Alderman’s office for their unwillingness to continue investigating.

I’ve been in contact with a lot of people in the last 24 hours (news stations, workers at the Alderman’s office, utility personnel, etc.) to get a resolution here so we can all feel safe on that corner again, especially with our dogs. 

Here’s where we’re at. The Alderman’s office has had 4 different electricians come out to look at the sidewalk. They’ve found nothing wrong, so the Alderman’s office considers the problem “resolved” and has no plans to investigate further… even though they never identified an issue. Apparently electrical problems magically solve themselves now! I can’t wrap my head about a problem being “resolved” without ever doing anything to fix it or identifying anything causing it in the first place. That literally doesn’t make sense. Let’s remember that at least 5 dogs have been electrocuted (excuse me— they’ve been shocked. Some awesome intellectuals in the comments care more about my word choice than the issue at hand.). 

I’ve done extensive research on this to make sense of what happened. From what I can tell, in these fairly common scenarios, there can be issues with frayed wires underground (possibly wires from old infrastructure that no longer exists, although the wires remain live) that usually aren’t an issue - until the sidewalk becomes wet and salty (salt makes water more conductive). So when the electricians were checking it out, I believe the sidewalk was not electrified because the ground was more dry, and they may have missed the problem. 

The sidewalk is completely open and there are no warning signs that this could still be an issue. Nothing stopping this from happening again. I believe there is very much still an issue, it may just be dormant right now. Although a fresh layer of snow just fell, so it could start conducting electricity again. 

I’ve been in contact with the Alderman’s office and they refuse to block the sidewalk or pursue any other action - until there’s another injury. With snow falling tonight and salt reappearing on the sidewalks soon, I think it’s only a matter of time before another dog is electrocuted. (Shocked) 

Someone also said on my last post that this happened to their dog LAST WINTER on this SAME CORNER. This issue is not going anywhere until we know why it’s happening. 

Here’s what we need:
- Contact the alderman’s office. PLEASE. 44th ward. So far they’re only willing to help when a news station is involved. Alderman Tunney said on a news broadcast last night that they would be out there until they got to the bottom of it. As soon as the cameras packed up, they did too! And now his office refuses to investigate further. Let them know that this is a public safety hazard until a cause is identified. Until then, the sidewalk should be blocked to protect our pets and neighbors. Email: ward44@cityofchicago.org and Phone: 773-525-6034
- Alert other dog owners. Seriously, even if you just see dog owners around that area on the street, tell them not to walk their dog there! Trust me, you don’t want this happening again. It’s worth approaching a stranger to give them a heads up. 
- In general, try to use pet friendly ice melt! It doesn’t hurt dog’s paws and it also does not act as a conductor the same way regular rock salt does!! So if issues like this happen anywhere else, it’s less likely to cause serious damage to the dog. 
- If you ever see a dog in extreme distress on sidewalk conditions like these, drag them away from the area. We weren’t sure what was happening at the time, so we kept the dog there on the sidewalk, not knowing the sidewalk was shocking her. This needs to be a more well known issue! 

Please help us to get this resolved and protect our neighborhood pets. I really don’t want to be afraid of seeing a dog electrocuted every time I have to go to Trader Joe’s. I truly cannot believe the Alderman is wiping his hands clean of this without identifying a cause.",chicago,535,1642213223.0,194,https://reddit.com/r/chicago/comments/s49c30/update_electrified_sidewalk_in_lincoln/,"UPDATE: Electrified sidewalk in Lincoln Park/Lakeview — NOT resolved!! Need help LOCATION: The concrete sidewalk in front of Matisse Tavern and Half Shell, across from Trader Joe’s. Corner of Diversey and Orchard.

TLDR: dogs are still at risk of being electrocuted by the sidewalk on this corner, but the Alderman’s office refuses to block off the sidewalk or investigate any further until another injury occurs. New snow just fell that could cause the sidewalk to begin conducting again, leaving all dogs at risk walking by. Contact 44th alderman to let them know this should be investigated until it’s solved. 


Making this new post because my last one lost engagement and this is very much still a massive issue. The problem remains, so do not walk your dogs there. There’s a previous post on this sub from a couple days ago if you don’t know about this issue already. 

I’ve weirdly put myself in the middle of this because I’m so disappointed by how this has been handled. I’m frustrated to say the least, mostly at the Alderman’s office for their unwillingness to continue investigating.

I’ve been in contact with a lot of people in the last 24 hours (news stations, workers at the Alderman’s office, utility personnel, etc.) to get a resolution here so we can all feel safe on that corner again, especially with our dogs. 

Here’s where we’re at. The Alderman’s office has had 4 different electricians come out to look at the sidewalk. They’ve found nothing wrong, so the Alderman’s office considers the problem “resolved” and has no plans to investigate further… even though they never identified an issue. Apparently electrical problems magically solve themselves now! I can’t wrap my head about a problem being “resolved” without ever doing anything to fix it or identifying anything causing it in the first place. That literally doesn’t make sense. Let’s remember that at least 5 dogs have been electrocuted (excuse me— they’ve been shocked. Some awesome intellectuals in the comments care more about my word choice than the issue at hand.). 

I’ve done extensive research on this to make sense of what happened. From what I can tell, in these fairly common scenarios, there can be issues with frayed wires underground (possibly wires from old infrastructure that no longer exists, although the wires remain live) that usually aren’t an issue - until the sidewalk becomes wet and salty (salt makes water more conductive). So when the electricians were checking it out, I believe the sidewalk was not electrified because the ground was more dry, and they may have missed the problem. 

The sidewalk is completely open and there are no warning signs that this could still be an issue. Nothing stopping this from happening again. I believe there is very much still an issue, it may just be dormant right now. Although a fresh layer of snow just fell, so it could start conducting electricity again. 

I’ve been in contact with the Alderman’s office and they refuse to block the sidewalk or pursue any other action - until there’s another injury. With snow falling tonight and salt reappearing on the sidewalks soon, I think it’s only a matter of time before another dog is electrocuted. (Shocked) 

Someone also said on my last post that this happened to their dog LAST WINTER on this SAME CORNER. This issue is not going anywhere until we know why it’s happening. 

Here’s what we need:
- Contact the alderman’s office. PLEASE. 44th ward. So far they’re only willing to help when a news station is involved. Alderman Tunney said on a news broadcast last night that they would be out there until they got to the bottom of it. As soon as the cameras packed up, they did too! And now his office refuses to investigate further. Let them know that this is a public safety hazard until a cause is identified. Until then, the sidewalk should be blocked to protect our pets and neighbors. Email: ward44@cityofchicago.org and Phone: 773-525-6034
- Alert other dog owners. Seriously, even if you just see dog owners around that area on the street, tell them not to walk their dog there! Trust me, you don’t want this happening again. It’s worth approaching a stranger to give them a heads up. 
- In general, try to use pet friendly ice melt! It doesn’t hurt dog’s paws and it also does not act as a conductor the same way regular rock salt does!! So if issues like this happen anywhere else, it’s less likely to cause serious damage to the dog. 
- If you ever see a dog in extreme distress on sidewalk conditions like these, drag them away from the area. We weren’t sure what was happening at the time, so we kept the dog there on the sidewalk, not knowing the sidewalk was shocking her. This needs to be a more well known issue! 

Please help us to get this resolved and protect our neighborhood pets. I really don’t want to be afraid of seeing a dog electrocuted every time I have to go to Trader Joe’s. I truly cannot believe the Alderman is wiping his hands clean of this without identifying a cause.","['Lincoln Park', 'Lakeview']",['afraid'],1,Negative/Fear,0.81,2,2022,True,Female Perspective
To the guys watching the woman being assaulted last night,"When somebody yells at you to call the cops, CALL THE COPS.

My friend was assaulted and robbed in the loop (Van Buren near Michigan) last night by a group of black teenagers, both boys and girls. They kept asking her, ""What are you going to do about it?"" while hitting her in the face and head trying to take her backpack.

Fortunately, she thought she could do something about it, because there were two men across the street and she called out to them for help and to call the cops.

Unfortunately, they stood there and did nothing.

I know the psychology behind asking for help in a crowd is disappointing, but if you see something stop being a mindless pedestrian and do something about it. You don't have to be a hero, but calling the cops can help.

Edit: Friend is shook up with bruises and bumps, but ok. Thanks for asking. I'm sure she'll read this post and appreciate your concerns.

Edit2: Chicago Tribune article http://www.chicagotribune.com/news/local/breaking/ct-teens-robbing-women-downtown-20161021-story.html

Edit3: Community Alert (indicating race) http://home.chicagopolice.org/wp-content/uploads/2016/10/21-Oct-16-1st-District-Robbery-P16-1-243CA.pdf
",chicago,273,1476980745.0,326,https://reddit.com/r/chicago/comments/58hrwh/to_the_guys_watching_the_woman_being_assaulted/,"To the guys watching the woman being assaulted last night When somebody yells at you to call the cops, CALL THE COPS.

My friend was assaulted and robbed in the loop (Van Buren near Michigan) last night by a group of black teenagers, both boys and girls. They kept asking her, ""What are you going to do about it?"" while hitting her in the face and head trying to take her backpack.

Fortunately, she thought she could do something about it, because there were two men across the street and she called out to them for help and to call the cops.

Unfortunately, they stood there and did nothing.

I know the psychology behind asking for help in a crowd is disappointing, but if you see something stop being a mindless pedestrian and do something about it. You don't have to be a hero, but calling the cops can help.

Edit: Friend is shook up with bruises and bumps, but ok. Thanks for asking. I'm sure she'll read this post and appreciate your concerns.

Edit2: Chicago Tribune article http://www.chicagotribune.com/news/local/breaking/ct-teens-robbing-women-downtown-20161021-story.html

Edit3: Community Alert (indicating race) http://home.chicagopolice.org/wp-content/uploads/2016/10/21-Oct-16-1st-District-Robbery-P16-1-243CA.pdf
",['Loop'],['robbery'],1,Negative/Fear,0.703,16,2016,False,Female Perspective
logan square parking tips,"hi! wanting to move to an apartment in logan square around milwaukee &amp; diversey without parking but have a car that i will need to access quite often (can’t take the train etc) and am not sure what to do. coming from los angeles. any advice please? or is it not with living somewhere without parking? 

can i apply for a street permit? will i be able to find a spot if i have a permit or maybe not? are there garages i could pay for close by? 

a bit nervous about not being able to find anything and having to walk alone at night as a woman. thanks!",AskChicago,3,1684377357.0,9,https://reddit.com/r/AskChicago/comments/13km1l2/logan_square_parking_tips/,"logan square parking tips hi! wanting to move to an apartment in logan square around milwaukee &amp; diversey without parking but have a car that i will need to access quite often (can’t take the train etc) and am not sure what to do. coming from los angeles. any advice please? or is it not with living somewhere without parking? 

can i apply for a street permit? will i be able to find a spot if i have a permit or maybe not? are there garages i could pay for close by? 

a bit nervous about not being able to find anything and having to walk alone at night as a woman. thanks!",['Logan Square'],['alone'],1,Neutral/Concern,0.478,2,2023,True,Female Perspective
Trying to move to Chicago from out of state in May/June - where in Lakeview would be a good spot for me?,"I’m sorry, I know there’s a lot of these posts. My girlfriend and I are moving to IL from out of state. We visited last year, fell in love with it and have some family ties nearby. 

After a lot of thinking on the right neighborhood, we settled on Lakeview East. We can’t visit extensively right now, but heard it’s a really safe/solid choice to spend your first few year in the city, and has basically everything you need. Sold!

I guess now the question is determining where. Honestly, I don’t want to be in the heart of the chaos, (like in the more fratty areas near Wrigleyville - although I love the Cubs!). I’m close to 30 and really value a quiet home life, but within proximity of a vet, restaurants, public transit, etc. I’m not a huge drinker but I like trying new foods, I’d like to be by the lake where there’s more greenery and places to hang out with my dog. I think safety is sort of number one, and just being near a good CTA stop and some good lightning at night. 

I don’t know if that’s a lot to go off of. I work from home and am about $80k ish per year. My girlfriend is a bit more extroverted, it’ll be her first time living in a city. She wants opportunities to make friends and she’ll need transit for work. She’s also expressed a desire to be near some greenery, but also wants to be close by to bars and restaurants. And like I mentioned, we have a small dog so any areas very close by where he can walk around and hang out is good. I think being around people like us is ideal….sort of in between college grads and parents, I guess. 

I know how annoying I must sound here. I guess I’m just struggling. I’m trying to find and avoid the right property managers (Beal), I’m trying to find maybe the best parts of Lakeview for my personality (I think we both value quiet evenings indoors but being in proximity to fun stuff, although we know being in the city = more noise overall, which is fine - mostly just trying to avoid the young 20s party scene). 

Does anyone maybe have any suggestions on parts of the neighborhood that may be good? Streets, realtors, property groups, anything? Honestly any help is appreciated I’ve been going through a lot the past few months and I’ve tried to do as much research as I can, but actually being able to get some more suggestions from people there would be so so helpful

",AskChicago,0,1708579387.0,23,https://reddit.com/r/AskChicago/comments/1awygea/trying_to_move_to_chicago_from_out_of_state_in/,"Trying to move to Chicago from out of state in May/June - where in Lakeview would be a good spot for me? I’m sorry, I know there’s a lot of these posts. My girlfriend and I are moving to IL from out of state. We visited last year, fell in love with it and have some family ties nearby. 

After a lot of thinking on the right neighborhood, we settled on Lakeview East. We can’t visit extensively right now, but heard it’s a really safe/solid choice to spend your first few year in the city, and has basically everything you need. Sold!

I guess now the question is determining where. Honestly, I don’t want to be in the heart of the chaos, (like in the more fratty areas near Wrigleyville - although I love the Cubs!). I’m close to 30 and really value a quiet home life, but within proximity of a vet, restaurants, public transit, etc. I’m not a huge drinker but I like trying new foods, I’d like to be by the lake where there’s more greenery and places to hang out with my dog. I think safety is sort of number one, and just being near a good CTA stop and some good lightning at night. 

I don’t know if that’s a lot to go off of. I work from home and am about $80k ish per year. My girlfriend is a bit more extroverted, it’ll be her first time living in a city. She wants opportunities to make friends and she’ll need transit for work. She’s also expressed a desire to be near some greenery, but also wants to be close by to bars and restaurants. And like I mentioned, we have a small dog so any areas very close by where he can walk around and hang out is good. I think being around people like us is ideal….sort of in between college grads and parents, I guess. 

I know how annoying I must sound here. I guess I’m just struggling. I’m trying to find and avoid the right property managers (Beal), I’m trying to find maybe the best parts of Lakeview for my personality (I think we both value quiet evenings indoors but being in proximity to fun stuff, although we know being in the city = more noise overall, which is fine - mostly just trying to avoid the young 20s party scene). 

Does anyone maybe have any suggestions on parts of the neighborhood that may be good? Streets, realtors, property groups, anything? Honestly any help is appreciated I’ve been going through a lot the past few months and I’ve tried to do as much research as I can, but actually being able to get some more suggestions from people there would be so so helpful

",['Lakeview'],['avoid'],1,Positive/Reassuring,0.78,5,2024,False,Female Perspective
Where can I park in Rogers Park without being towed?,"Help needed--parking around Rogers Park

UPDATE: I went to a currency exchange and got my parking stickers. So easy! Thanks all for your help. 

TLDR I have a car and I need to park it on the street as near to Loyola Ave as possible without getting towed or playing musical cars every 2-4 hours parking and reparking, or paying exorbitant structure fees. I am unwilling to sell my car--long story but an absolute dealbreaker.

Context: 

Hello all, I've just moved to the Loyola area. I love it, I can walk to the lake (!), but parking is such a pain--seems like it's all a tow zone at random hours so you can never be safe. 😂 It was $119 to stay in a structure for 7 days but that's not sustainable.

I've applied for my parking sticker and should hear back within 10 days, but it's the gov so I expect they'll draw out the process for weeks. That's how it is in Michigan, maybe it's better here. In the meantime, is there an area you know of that's safe to park in either all the time or in longer blocks than 2-4 hours? Maybe a side street in a suburbanish area (bearing in mind I'm a petite woman who would be walking alone very late at night at times so can't go too far out of radius). I've heard Devon and Sheridan but from everything I've seen on foot, Sheridan is just as bad as anywhere else. I'll go hunting on Devon later today, but any help would be appreciated.

Thanks all, this doesn't feel like ""my"" state yet, but I believe it was in my best interest to GTFO of Michigan. My only complaint is I won't be able to vote in a swing state anymore. ",AskChicago,0,1725988112.0,19,https://reddit.com/r/AskChicago/comments/1fdn3ic/where_can_i_park_in_rogers_park_without_being/,"Where can I park in Rogers Park without being towed? Help needed--parking around Rogers Park

UPDATE: I went to a currency exchange and got my parking stickers. So easy! Thanks all for your help. 

TLDR I have a car and I need to park it on the street as near to Loyola Ave as possible without getting towed or playing musical cars every 2-4 hours parking and reparking, or paying exorbitant structure fees. I am unwilling to sell my car--long story but an absolute dealbreaker.

Context: 

Hello all, I've just moved to the Loyola area. I love it, I can walk to the lake (!), but parking is such a pain--seems like it's all a tow zone at random hours so you can never be safe. 😂 It was $119 to stay in a structure for 7 days but that's not sustainable.

I've applied for my parking sticker and should hear back within 10 days, but it's the gov so I expect they'll draw out the process for weeks. That's how it is in Michigan, maybe it's better here. In the meantime, is there an area you know of that's safe to park in either all the time or in longer blocks than 2-4 hours? Maybe a side street in a suburbanish area (bearing in mind I'm a petite woman who would be walking alone very late at night at times so can't go too far out of radius). I've heard Devon and Sheridan but from everything I've seen on foot, Sheridan is just as bad as anywhere else. I'll go hunting on Devon later today, but any help would be appreciated.

Thanks all, this doesn't feel like ""my"" state yet, but I believe it was in my best interest to GTFO of Michigan. My only complaint is I won't be able to vote in a swing state anymore. ",['Rogers Park'],['alone'],1,Positive/Reassuring,0.48,17,2024,False,Female Perspective
Honest thoughts about Bronzeville concerning safety (specifically for women)?,"Edit #1 9/8/25: I added that I read posts in this subreddit from 3-5 ish years ago with similar questions and am wondering if anything has changed since then. I read the neighborhood notes from the subreddit. I am also in a group on Facebook for women based in Chicago and so far a few women said they have enjoyed living there and feel safe. 

Edit #2 9/8/25: Corrected statement about Hyde Park being a 10 minute walk from the house. It is actually a 32 minute walk and a 7 minute car ride and 16 minutes away by public transit. 

Hi! My boyfriend and I are looking to move to buy a house in Bronzeville. The house is about a 7-minute drive to Hyde Park. I’ve read older posts dated a few years ago similar to this one regarding the safety of Bronzeville, and was wondering what your thoughts are and if anything has changed since I read those older posts. 

We have done a little bit of research on the area to evaluate what kind of crime may be present. I would be likely living there by myself to settle in for a few months while my boyfriend moves everything from a different state entirely. I’m wanting to know how safe it is for women to walk around by themselves (while of course following basic safety tips such as not looking completely clueless and not walking around late at night). 

I read that the Green line is alright during the day but that it can get dicey at night. 

Please give your honest feedback about the area. I am new to Chicago aside from having visited a handful of times, and while I do have some general understandings of what areas to avoid, I am especially curious about Bronzeville. My understanding is that Bronzeville has a significant history within Chicago. 

Thank you! 
",AskChicago,0,1757340463.0,16,https://reddit.com/r/AskChicago/comments/1nbopp8/honest_thoughts_about_bronzeville_concerning/,"Honest thoughts about Bronzeville concerning safety (specifically for women)? Edit #1 9/8/25: I added that I read posts in this subreddit from 3-5 ish years ago with similar questions and am wondering if anything has changed since then. I read the neighborhood notes from the subreddit. I am also in a group on Facebook for women based in Chicago and so far a few women said they have enjoyed living there and feel safe. 

Edit #2 9/8/25: Corrected statement about Hyde Park being a 10 minute walk from the house. It is actually a 32 minute walk and a 7 minute car ride and 16 minutes away by public transit. 

Hi! My boyfriend and I are looking to move to buy a house in Bronzeville. The house is about a 7-minute drive to Hyde Park. I’ve read older posts dated a few years ago similar to this one regarding the safety of Bronzeville, and was wondering what your thoughts are and if anything has changed since I read those older posts. 

We have done a little bit of research on the area to evaluate what kind of crime may be present. I would be likely living there by myself to settle in for a few months while my boyfriend moves everything from a different state entirely. I’m wanting to know how safe it is for women to walk around by themselves (while of course following basic safety tips such as not looking completely clueless and not walking around late at night). 

I read that the Green line is alright during the day but that it can get dicey at night. 

Please give your honest feedback about the area. I am new to Chicago aside from having visited a handful of times, and while I do have some general understandings of what areas to avoid, I am especially curious about Bronzeville. My understanding is that Bronzeville has a significant history within Chicago. 

Thank you! 
","['Hyde Park', 'Bronzeville']",['avoid'],1,Neutral/Concern,0.502,14,2025,False,Female Perspective
What are our neighbors talking about? (31-Dec - 07-Jan Edition),"##Hello Chicago!

 I've combed through many of our neighbor's subreddits, and these are the top posts from this week:

----- 

  * **r/ChicagoNWside**
    * [4501 W Irving Park Rd. Nickey Chevrolet, 1959.] (/r/ChicagoNWside/comments/3z9lsn/4501_w_irving_park_rd_nickey_chevrolet_1959/) - By /u/blackmk8 +14
    * [Law Suit Alleging Arena Pushed Woman Dismissed] (/r/ChicagoNWside/comments/3zk9te/law_suit_alleging_arena_pushed_woman_dismissed/) - By /u/smushnick +12

  * **r/ChicagoSuburbs**
    * [The Week In Review: Suburban News of the Past Week (1/3/16)] (/r/ChicagoSuburbs/comments/3za58g/the_week_in_review_suburban_news_of_the_past_week/) - By /u/emememaker73 +25
    * [Des Plaines police search for developmentally disabled man] (/r/ChicagoSuburbs/comments/3zktw3/des_plaines_police_search_for_developmentally/) - By /u/ros2379 +17

  * **r/EdgewaterRogersPark**
    * [Growling Rabbit Taking Former St. Andrew's Edgewater Space For Brunch Pub] (/r/EdgewaterRogersPark/comments/3zrelr/growling_rabbit_taking_former_st_andrews/) - By /u/Bukharin +15
    * [Man mugged Tuesday at gunpoint in Andersonville] (/r/EdgewaterRogersPark/comments/3zre8j/man_mugged_tuesday_at_gunpoint_in_andersonville/) - By /u/Bukharin +13

  * **r/chicagoEDM**
    * [Shoutout to everyone who went to reaction NYE] (/r/chicagoEDM/comments/3z6q29/shoutout_to_everyone_who_went_to_reaction_nye/) - By /u/wimtastic11 +18
    * [Only reason I went to React. Green Velvet and Claude vonStroke!] (/r/chicagoEDM/comments/3z1pdb/only_reason_i_went_to_react_green_velvet_and/) - By /u/thatguywillt +17

  * **r/chicagofood**
    * [Chicago Restaurant Week Thread] (/r/chicagofood/comments/3zn1u5/chicago_restaurant_week_thread/) - By /u/TubaToothpasties +28
    * [Lebanese Manoushe (bread with olive oil &amp;amp; Tyme)] (/r/chicagofood/comments/3z8pww/lebanese_manoushe_bread_with_olive_oil_tyme/) - By /u/poopin +5

  * **r/chibike**
    * [Bike Tag #70] (/r/chibike/comments/3zsvlz/bike_tag_70/) - By /u/hashtagchicago +10
    * [Stolen - Green Trek Navigator 200] (/r/chibike/comments/3zfj7c/stolen_green_trek_navigator_200/) - By /u/wingbatwithsomeforme +12

  * **r/chicagomusicscene**
    * [I'm playing a show on the 17th at the Beat Kitchen!] (/r/chicagomusicscene/comments/3zegmw/im_playing_a_show_on_the_17th_at_the_beat_kitchen/) - By /u/I8thePizzaPuff +10
    * [My band New Oceans named a top band to watch by Alternative Nation] (/r/chicagomusicscene/comments/3zo6lq/my_band_new_oceans_named_a_top_band_to_watch_by/) - By /u/whhaaaat +9

  * **r/chicagobeer**
    * [X-post from DIY, Growler Hanger Display, pretty neat.] (/r/chicagobeer/comments/3zqf50/xpost_from_diy_growler_hanger_display_pretty_neat/) - By /u/bluejays219 +12
    * [Barley wine at jewel Roosevelt and wabash] (/r/chicagobeer/comments/3z1iy3/barley_wine_at_jewel_roosevelt_and_wabash/) - By /u/hrtachetosing +7


  * **r/RunnersInChicago**
    * [Lakefront Trail closed at the Oak Street curve between Oak and Chicago- Chicago ParkDistrict on Twitter] (/r/RunnersInChicago/comments/3zgb6m/lakefront_trail_closed_at_the_oak_street_curve/) - By /u/harrylee773 +8
    * [Favorite Chicago Race, Go!] (/r/RunnersInChicago/comments/3zxa3q/favorite_chicago_race_go/) - By /u/todayswheather +4

  * **r/ChicagoPics**
    * [Arriving from the suburbs, Chicago, 1907.] (/r/ChicagoPics/comments/3zi53v/arriving_from_the_suburbs_chicago_1907/) - By /u/michaelconfoy +12

  * **r/BridgeportPilsen**
    * [City of Chicago Offers Christmas Tree Recycling From January 3 – January 17: Pilsen - Sheridan Park on Taylor, Bridgeport - McKinley Park] (/r/BridgeportPilsen/comments/3znffs/city_of_chicago_offers_christmas_tree_recycling/) - By /u/TroyHernandez +5
    * [Second Antique Taco Location Opening in Bridgeport--HELL YEA! (x-post from r/Chicago)] (/r/BridgeportPilsen/comments/3zwuga/second_antique_taco_location_opening_in/) - By /u/GreatLakesAngel +2

  * **r/ChicagoFishing**
    * [Upcoming Chicago Area Fishing &amp;amp; Outdoors Shows] (/r/ChicagoFishing/comments/3zo1ag/upcoming_chicago_area_fishing_outdoors_shows/) - By /u/blackmk8 +6
    * [Calendar to fishing lake Michigan without a boat?] (/r/ChicagoFishing/comments/3zo5dt/calendar_to_fishing_lake_michigan_without_a_boat/) - By /u/2000545 +1


  * **r/undergroundchicago**
    * [SabaPIVOT: I'm a winner, a leader and a strong black man - An interview with TrueToo] (/r/undergroundchicago/comments/3zoajm/sabapivot_im_a_winner_a_leader_and_a_strong_black/) - By /u/ImNotThat_specialTho +6

  * **r/chicagomeetup**
    * [Pool Night! @ Sat 9 Jan @ 7:00PM] (/r/chicagomeetup/comments/3z3hls/pool_night_sat_9_jan_700pm/) - By /u/ChicagoRedditMeetup +4

  * **r/NearWestSuburbs**
    * [Gunshots heard in Forest Park] (/r/NearWestSuburbs/comments/3zwx3d/gunshots_heard_in_forest_park/) - By /u/ChunkChunka +3



  * **r/ArtSceneChicago**
    * [Shared private base unmarried woman 24+ for SEX, who need ""testdrive"" ID: tlagagnna NO PAY, NO BULLSHIT] (/r/ArtSceneChicago/comments/3zphbv/shared_private_base_unmarried_woman_24_for_sex/) - By /u/lcandmes7972 +0




-----

Hi, I'm a bot. Thankfully, I'm not AutoModerator. My job is just to gather some of the best posts from our neighbors. The intention is to create awareness of the speciality subs that relate to r/Chicago. If you have a suggestion about what other subreddits that I should check out, send me a message via my creator: /u/MargretTatchersParty.",chicago,14,1452228801.0,4,https://reddit.com/r/chicago/comments/3zzko1/what_are_our_neighbors_talking_about_31dec_07jan/,"What are our neighbors talking about? (31-Dec - 07-Jan Edition) ##Hello Chicago!

 I've combed through many of our neighbor's subreddits, and these are the top posts from this week:

----- 

  * **r/ChicagoNWside**
    * [4501 W Irving Park Rd. Nickey Chevrolet, 1959.] (/r/ChicagoNWside/comments/3z9lsn/4501_w_irving_park_rd_nickey_chevrolet_1959/) - By /u/blackmk8 +14
    * [Law Suit Alleging Arena Pushed Woman Dismissed] (/r/ChicagoNWside/comments/3zk9te/law_suit_alleging_arena_pushed_woman_dismissed/) - By /u/smushnick +12

  * **r/ChicagoSuburbs**
    * [The Week In Review: Suburban News of the Past Week (1/3/16)] (/r/ChicagoSuburbs/comments/3za58g/the_week_in_review_suburban_news_of_the_past_week/) - By /u/emememaker73 +25
    * [Des Plaines police search for developmentally disabled man] (/r/ChicagoSuburbs/comments/3zktw3/des_plaines_police_search_for_developmentally/) - By /u/ros2379 +17

  * **r/EdgewaterRogersPark**
    * [Growling Rabbit Taking Former St. Andrew's Edgewater Space For Brunch Pub] (/r/EdgewaterRogersPark/comments/3zrelr/growling_rabbit_taking_former_st_andrews/) - By /u/Bukharin +15
    * [Man mugged Tuesday at gunpoint in Andersonville] (/r/EdgewaterRogersPark/comments/3zre8j/man_mugged_tuesday_at_gunpoint_in_andersonville/) - By /u/Bukharin +13

  * **r/chicagoEDM**
    * [Shoutout to everyone who went to reaction NYE] (/r/chicagoEDM/comments/3z6q29/shoutout_to_everyone_who_went_to_reaction_nye/) - By /u/wimtastic11 +18
    * [Only reason I went to React. Green Velvet and Claude vonStroke!] (/r/chicagoEDM/comments/3z1pdb/only_reason_i_went_to_react_green_velvet_and/) - By /u/thatguywillt +17

  * **r/chicagofood**
    * [Chicago Restaurant Week Thread] (/r/chicagofood/comments/3zn1u5/chicago_restaurant_week_thread/) - By /u/TubaToothpasties +28
    * [Lebanese Manoushe (bread with olive oil &amp;amp; Tyme)] (/r/chicagofood/comments/3z8pww/lebanese_manoushe_bread_with_olive_oil_tyme/) - By /u/poopin +5

  * **r/chibike**
    * [Bike Tag #70] (/r/chibike/comments/3zsvlz/bike_tag_70/) - By /u/hashtagchicago +10
    * [Stolen - Green Trek Navigator 200] (/r/chibike/comments/3zfj7c/stolen_green_trek_navigator_200/) - By /u/wingbatwithsomeforme +12

  * **r/chicagomusicscene**
    * [I'm playing a show on the 17th at the Beat Kitchen!] (/r/chicagomusicscene/comments/3zegmw/im_playing_a_show_on_the_17th_at_the_beat_kitchen/) - By /u/I8thePizzaPuff +10
    * [My band New Oceans named a top band to watch by Alternative Nation] (/r/chicagomusicscene/comments/3zo6lq/my_band_new_oceans_named_a_top_band_to_watch_by/) - By /u/whhaaaat +9

  * **r/chicagobeer**
    * [X-post from DIY, Growler Hanger Display, pretty neat.] (/r/chicagobeer/comments/3zqf50/xpost_from_diy_growler_hanger_display_pretty_neat/) - By /u/bluejays219 +12
    * [Barley wine at jewel Roosevelt and wabash] (/r/chicagobeer/comments/3z1iy3/barley_wine_at_jewel_roosevelt_and_wabash/) - By /u/hrtachetosing +7


  * **r/RunnersInChicago**
    * [Lakefront Trail closed at the Oak Street curve between Oak and Chicago- Chicago ParkDistrict on Twitter] (/r/RunnersInChicago/comments/3zgb6m/lakefront_trail_closed_at_the_oak_street_curve/) - By /u/harrylee773 +8
    * [Favorite Chicago Race, Go!] (/r/RunnersInChicago/comments/3zxa3q/favorite_chicago_race_go/) - By /u/todayswheather +4

  * **r/ChicagoPics**
    * [Arriving from the suburbs, Chicago, 1907.] (/r/ChicagoPics/comments/3zi53v/arriving_from_the_suburbs_chicago_1907/) - By /u/michaelconfoy +12

  * **r/BridgeportPilsen**
    * [City of Chicago Offers Christmas Tree Recycling From January 3 – January 17: Pilsen - Sheridan Park on Taylor, Bridgeport - McKinley Park] (/r/BridgeportPilsen/comments/3znffs/city_of_chicago_offers_christmas_tree_recycling/) - By /u/TroyHernandez +5
    * [Second Antique Taco Location Opening in Bridgeport--HELL YEA! (x-post from r/Chicago)] (/r/BridgeportPilsen/comments/3zwuga/second_antique_taco_location_opening_in/) - By /u/GreatLakesAngel +2

  * **r/ChicagoFishing**
    * [Upcoming Chicago Area Fishing &amp;amp; Outdoors Shows] (/r/ChicagoFishing/comments/3zo1ag/upcoming_chicago_area_fishing_outdoors_shows/) - By /u/blackmk8 +6
    * [Calendar to fishing lake Michigan without a boat?] (/r/ChicagoFishing/comments/3zo5dt/calendar_to_fishing_lake_michigan_without_a_boat/) - By /u/2000545 +1


  * **r/undergroundchicago**
    * [SabaPIVOT: I'm a winner, a leader and a strong black man - An interview with TrueToo] (/r/undergroundchicago/comments/3zoajm/sabapivot_im_a_winner_a_leader_and_a_strong_black/) - By /u/ImNotThat_specialTho +6

  * **r/chicagomeetup**
    * [Pool Night! @ Sat 9 Jan @ 7:00PM] (/r/chicagomeetup/comments/3z3hls/pool_night_sat_9_jan_700pm/) - By /u/ChicagoRedditMeetup +4

  * **r/NearWestSuburbs**
    * [Gunshots heard in Forest Park] (/r/NearWestSuburbs/comments/3zwx3d/gunshots_heard_in_forest_park/) - By /u/ChunkChunka +3



  * **r/ArtSceneChicago**
    * [Shared private base unmarried woman 24+ for SEX, who need ""testdrive"" ID: tlagagnna NO PAY, NO BULLSHIT] (/r/ArtSceneChicago/comments/3zphbv/shared_private_base_unmarried_woman_24_for_sex/) - By /u/lcandmes7972 +0




-----

Hi, I'm a bot. Thankfully, I'm not AutoModerator. My job is just to gather some of the best posts from our neighbors. The intention is to create awareness of the speciality subs that relate to r/Chicago. If you have a suggestion about what other subreddits that I should check out, send me a message via my creator: /u/MargretTatchersParty.","['Pilsen', 'Bridgeport', 'Edgewater', 'Irving Park', 'McKinley Park', 'Andersonville']",['mugged'],1,Neutral/Concern,0.731,4,2016,False,Female Perspective
"[MINI-VAN UPDATE] My friend's stolen van is still in Chicago! She saw it near St. Barbara's Church carnival in Bridgeport, but they got away!","In case anyone is wondering, this is an update related to [this post.](https://www.reddit.com/r/chicago/comments/3a8ivi/please_help_my_friends_van_was_stolen_her_husband/)

My friend just posted again on Facebook about her stolen mini-van, and I just thought I wanted to let the Chicago reddit community know. Not necessarily to be on the lookout (let's face it, it's like a needle in a haystack at this point), but just in case if anyone is curious.

My friend and her daughter went to the carnival tonight at St. Barbara's Church. Her daughter drove with her car and they were parked at the intersection on Lyman &amp; Farrell (one of the small neighborhood streets in Bridgeport near St. Barb's and Palmisano Park). While they were getting into her car, they literally saw her van drive by and pass them up on Lyman. They quickly called 911 and chased after them. I guess they lost track of the van in an alley at 37th and Hermitage.

Good news is that they saw who was driving the van. It was a Hispanic man and Hispanic woman. They got a decent look at their facial features so they reported all of that new information to the police. Again, here are the details from before...

* Stolen between 8pm last night and 11am this morning (June 17) at the intersection between 35th street and Marshfield in the McKinley Park neighborhood
* 2002 Chrysler Town and Country License plate # R499050 light blue almost silver in color, some minor dents and rust.
* It has a soccer ball decal in the back window
* If you see it, please call the police and PM me. She has her phone number on Facebook and the Bridgeport Chicago IL Facebook page, but not sure if she wants me to put it on reddit.
* Again, [here's a pic](http://www.admiralmotors.com/chicago/2002-Chrysler-Town-Country_01_85ad005e1656993a49e7256550fbc8ad.jpg) if you want to visualize it.

This is all very bizarre since they saw it before their own eyes. I normally wouldn't do these updated posts, but this was too good to be true. I can't even imagine what they're going through.",chicago,0,1434685621.0,2,https://reddit.com/r/chicago/comments/3ad6bv/minivan_update_my_friends_stolen_van_is_still_in/,"[MINI-VAN UPDATE] My friend's stolen van is still in Chicago! She saw it near St. Barbara's Church carnival in Bridgeport, but they got away! In case anyone is wondering, this is an update related to [this post.](https://www.reddit.com/r/chicago/comments/3a8ivi/please_help_my_friends_van_was_stolen_her_husband/)

My friend just posted again on Facebook about her stolen mini-van, and I just thought I wanted to let the Chicago reddit community know. Not necessarily to be on the lookout (let's face it, it's like a needle in a haystack at this point), but just in case if anyone is curious.

My friend and her daughter went to the carnival tonight at St. Barbara's Church. Her daughter drove with her car and they were parked at the intersection on Lyman &amp; Farrell (one of the small neighborhood streets in Bridgeport near St. Barb's and Palmisano Park). While they were getting into her car, they literally saw her van drive by and pass them up on Lyman. They quickly called 911 and chased after them. I guess they lost track of the van in an alley at 37th and Hermitage.

Good news is that they saw who was driving the van. It was a Hispanic man and Hispanic woman. They got a decent look at their facial features so they reported all of that new information to the police. Again, here are the details from before...

* Stolen between 8pm last night and 11am this morning (June 17) at the intersection between 35th street and Marshfield in the McKinley Park neighborhood
* 2002 Chrysler Town and Country License plate # R499050 light blue almost silver in color, some minor dents and rust.
* It has a soccer ball decal in the back window
* If you see it, please call the police and PM me. She has her phone number on Facebook and the Bridgeport Chicago IL Facebook page, but not sure if she wants me to put it on reddit.
* Again, [here's a pic](http://www.admiralmotors.com/chicago/2002-Chrysler-Town-Country_01_85ad005e1656993a49e7256550fbc8ad.jpg) if you want to visualize it.

This is all very bizarre since they saw it before their own eyes. I normally wouldn't do these updated posts, but this was too good to be true. I can't even imagine what they're going through.","['Bridgeport', 'McKinley Park']",['chased'],1,Neutral/Concern,0.582,3,2015,True,Female Perspective
Witnessed a shooting outside of my apartment in Logan Square tonight. How concerned should I be?,"My girlfriend and I just moved into an apartment in Logan Square (around Fullerton and Central Park). We're both new to the area and were very excited about our new neighborhood. Tonight while we were watching a movie in our front living room, what sounded like fireworks originated from down the street. They got closer and closer. I looked up and saw a car speeding through the intersection and a man following, shooting at the car. We called 911 but haven't seen or heard from them since.

We have both been living in Chicago for close to a decade and had never really seen anything like this. Although, admittedly, we lived primarily in the Lincoln Park/Lakeview area (both DePaul alumnus) but are fresh from West Town and we never witnessed or really heard of anything like this there. Is this an anomaly in the area, an unfortunate witnessing of something unusual? Should we be concerned? Any tips from fellow Logan Squarers?

Thanks all!",chicago,28,1386920256.0,64,https://reddit.com/r/chicago/comments/1ss7de/witnessed_a_shooting_outside_of_my_apartment_in/,"Witnessed a shooting outside of my apartment in Logan Square tonight. How concerned should I be? My girlfriend and I just moved into an apartment in Logan Square (around Fullerton and Central Park). We're both new to the area and were very excited about our new neighborhood. Tonight while we were watching a movie in our front living room, what sounded like fireworks originated from down the street. They got closer and closer. I looked up and saw a car speeding through the intersection and a man following, shooting at the car. We called 911 but haven't seen or heard from them since.

We have both been living in Chicago for close to a decade and had never really seen anything like this. Although, admittedly, we lived primarily in the Lincoln Park/Lakeview area (both DePaul alumnus) but are fresh from West Town and we never witnessed or really heard of anything like this there. Is this an anomaly in the area, an unfortunate witnessing of something unusual? Should we be concerned? Any tips from fellow Logan Squarers?

Thanks all!","['Lincoln Park', 'Lakeview', 'Logan Square', 'West Town']",['shooting'],1,Positive/Reassuring,0.52,7,2013,False,Female Perspective
"Man arrested for shoving woman 85, to ground, stealing purse in Streeterville robbery",,chicago,204,1598723830.0,31,https://reddit.com/r/chicago/comments/iiwxr2/man_arrested_for_shoving_woman_85_to_ground/,"Man arrested for shoving woman 85, to ground, stealing purse in Streeterville robbery ",['Streeterville'],['robbery'],1,Negative/Fear,0.707,17,2020,False,Female Perspective
"CWB Chicago: ""THIS IS MINE!"" Two More Lakeview Women Mugged This Morning",,chicago,12,1444166881.0,29,https://reddit.com/r/chicago/comments/3nrcn5/cwb_chicago_this_is_mine_two_more_lakeview_women/,"CWB Chicago: ""THIS IS MINE!"" Two More Lakeview Women Mugged This Morning ",['Lakeview'],['mugged'],1,Neutral/Concern,0.643,21,2015,True,Female Perspective
Is auburn Gresham a safe neighborhood?,My mother in law is considering closing on a house in Auburn Gresham. She said it's safe and wants us to come visit. We have 2 kids (2 mo and 2 yo) and based on my findings I would feel troubled bringing them to grandma's house if that is where she chooses to live. Should we try to talk her out of it? My husband (her son) also doesn't want her living in an unsafe place. Problem is that she's a teacher and has to live in Chicago to work there. This is the only neighborhood her budget can afford. WWYD,AskChicago,0,1740515767.0,24,https://reddit.com/r/AskChicago/comments/1iy542u/is_auburn_gresham_a_safe_neighborhood/,Is auburn Gresham a safe neighborhood? My mother in law is considering closing on a house in Auburn Gresham. She said it's safe and wants us to come visit. We have 2 kids (2 mo and 2 yo) and based on my findings I would feel troubled bringing them to grandma's house if that is where she chooses to live. Should we try to talk her out of it? My husband (her son) also doesn't want her living in an unsafe place. Problem is that she's a teacher and has to live in Chicago to work there. This is the only neighborhood her budget can afford. WWYD,['Auburn Gresham'],['unsafe'],1,Negative/Fear,0.541,20,2025,True,Female Perspective
Solo female lgbt artist moving to Chicago- safe neighborhoods and advice?,"Hello, I’m a solo female in early 20’s with two cats looking to move to Chicago in a few months. I’ve never been there before and am a bit anxious on what areas would be safe. Have considered downtown and Logan square/ Lincoln park. I generally feel safe going throughout my day alone but not at nighttime. Want to be able to make friends with artists, lgbt, and neurodivergent people and be in that type of scene but also needing to commute to river north for work by either car or train. Any advice? My budget is around $1300-1800 but willing to go up to $2000 before utilities for the truly perfect place. I’d also (somehow) like to find a place with a private deck/balcony or a tiny bedroom/den with windows so I can do my art that isn’t safe to breathe in the house. Is this feasible or am I asking for too much? Would also like to keep it above 500sq ft for my cats. My largest thing is I want to make artistic friends and be in an area where we can hangout often and go to cafes/shops. ",AskChicago,0,1717877834.0,5,https://reddit.com/r/AskChicago/comments/1dbbs5r/solo_female_lgbt_artist_moving_to_chicago_safe/,"Solo female lgbt artist moving to Chicago- safe neighborhoods and advice? Hello, I’m a solo female in early 20’s with two cats looking to move to Chicago in a few months. I’ve never been there before and am a bit anxious on what areas would be safe. Have considered downtown and Logan square/ Lincoln park. I generally feel safe going throughout my day alone but not at nighttime. Want to be able to make friends with artists, lgbt, and neurodivergent people and be in that type of scene but also needing to commute to river north for work by either car or train. Any advice? My budget is around $1300-1800 but willing to go up to $2000 before utilities for the truly perfect place. I’d also (somehow) like to find a place with a private deck/balcony or a tiny bedroom/den with windows so I can do my art that isn’t safe to breathe in the house. Is this feasible or am I asking for too much? Would also like to keep it above 500sq ft for my cats. My largest thing is I want to make artistic friends and be in an area where we can hangout often and go to cafes/shops. ","['River North', 'Lincoln Park', 'Logan Square']",['alone'],1,Neutral/Concern,0.617,20,2024,True,Female Perspective
"Can we be grownups: Will I be ""safe"" in these neighborhoods?","Hi folks!

I've never been to your lovely city, but it's being recommended to me, at least as a lovely summer get-away from my west-coast desert home.

I need honest yet respectful answers. You can answer a simple Yes or No, if you'd like. Here's what I need to know:

The following neighborhoods have been recommended to me, based on my interests, lifestyle, and age (mid 50s, Gen-X).

**Lincoln Park:** Sophisticated / Mature

**Andersonville:** Neighborly / Arts

**Hyde Park:** Intellectual / Lakefront

**Ravenswood**

Here's my concern: I'm a black woman. I know there are traditional 'black' neighborhoods, but I'm looking at an overall lifestyle fit. I'm a creative artist, I'm introverted, and I like the arts/culture scene, great food, farmer's markets, community events -- this type of thing.

I ask because I keep hearing that Chicago is notoriously segregated, and I want to make sure that I will be safe if I move into these areas, or any.

For context: I'm originally from an east coast city, so I understand not being welcomed in certain neighborhoods. There were/are certain neighborhoods I just knew to stay away from. I didn't hang out in them, I didn't shop or eat there. I just avoided these areas and did my thing in more ... integrated areas, let's just say.

So -- Should I give these areas a chance, or avoid them? Thank you.",AskChicago,0,1769584278.0,40,https://reddit.com/r/AskChicago/comments/1qp4hk4/can_we_be_grownups_will_i_be_safe_in_these/,"Can we be grownups: Will I be ""safe"" in these neighborhoods? Hi folks!

I've never been to your lovely city, but it's being recommended to me, at least as a lovely summer get-away from my west-coast desert home.

I need honest yet respectful answers. You can answer a simple Yes or No, if you'd like. Here's what I need to know:

The following neighborhoods have been recommended to me, based on my interests, lifestyle, and age (mid 50s, Gen-X).

**Lincoln Park:** Sophisticated / Mature

**Andersonville:** Neighborly / Arts

**Hyde Park:** Intellectual / Lakefront

**Ravenswood**

Here's my concern: I'm a black woman. I know there are traditional 'black' neighborhoods, but I'm looking at an overall lifestyle fit. I'm a creative artist, I'm introverted, and I like the arts/culture scene, great food, farmer's markets, community events -- this type of thing.

I ask because I keep hearing that Chicago is notoriously segregated, and I want to make sure that I will be safe if I move into these areas, or any.

For context: I'm originally from an east coast city, so I understand not being welcomed in certain neighborhoods. There were/are certain neighborhoods I just knew to stay away from. I didn't hang out in them, I didn't shop or eat there. I just avoided these areas and did my thing in more ... integrated areas, let's just say.

So -- Should I give these areas a chance, or avoid them? Thank you.","['Lincoln Park', 'Hyde Park', 'Ravenswood', 'Andersonville']",['avoid'],1,Neutral/Concern,0.516,7,2026,False,Female Perspective
Walking to School Horror Story from this Morning,"Two months ago I moved to Chicago  from the west coast. Coming from the quiet suburbs of San Francisco, I've always been a little wary while walking outside in Chicago. I've heard stories of violence, perpetrated out in the open against innocent and unassuming pedestrians; the fact that crime has always been sequestered within the inner city back in SF has only heightened my anxiety of encountering criminals. Anyways, I live in East Pilsen, which has been deemed a relatively safe neighborhood by reddit's consensus. However, after my morning commute to school, I would beg to differ because I was assaulted. On the sidewalk, A woman and I were walking in convergent directions. She was short in stature, and so were the two dogs she was walking. Upon first glance, she seemed to cast off any suspicion of being a criminal, unfortunately her seemingly unassuming visage would betray her malicious disposition. As the distance between us drew closer, one of her dogs began to bark and then it bit me. It stung, and since the dog was on one of those leashes that slackens and extends when the leash is pulled, I couldn't evade the attack. So it's about one full second before I am able to pull my leg away by walking two steps in the direction of my normal commute. I don't dare say a word to the woman because I am late for school, and also she is hispanic and I know that there is gang activity in Pilsen and I worry that if I tell her off, a gang member may see me encroaching upon their territory. You could say that I'm kind of in a tricky situation right now. Here is a link to the picture of the dog bite. Luckily, I was wearing jeans and long underwear. 

http://imgur.com/lqWKt
",chicago,0,1322701324.0,4,https://reddit.com/r/chicago/comments/mvgv6/walking_to_school_horror_story_from_this_morning/,"Walking to School Horror Story from this Morning Two months ago I moved to Chicago  from the west coast. Coming from the quiet suburbs of San Francisco, I've always been a little wary while walking outside in Chicago. I've heard stories of violence, perpetrated out in the open against innocent and unassuming pedestrians; the fact that crime has always been sequestered within the inner city back in SF has only heightened my anxiety of encountering criminals. Anyways, I live in East Pilsen, which has been deemed a relatively safe neighborhood by reddit's consensus. However, after my morning commute to school, I would beg to differ because I was assaulted. On the sidewalk, A woman and I were walking in convergent directions. She was short in stature, and so were the two dogs she was walking. Upon first glance, she seemed to cast off any suspicion of being a criminal, unfortunately her seemingly unassuming visage would betray her malicious disposition. As the distance between us drew closer, one of her dogs began to bark and then it bit me. It stung, and since the dog was on one of those leashes that slackens and extends when the leash is pulled, I couldn't evade the attack. So it's about one full second before I am able to pull my leg away by walking two steps in the direction of my normal commute. I don't dare say a word to the woman because I am late for school, and also she is hispanic and I know that there is gang activity in Pilsen and I worry that if I tell her off, a gang member may see me encroaching upon their territory. You could say that I'm kind of in a tricky situation right now. Here is a link to the picture of the dog bite. Luckily, I was wearing jeans and long underwear. 

http://imgur.com/lqWKt
",['Pilsen'],['attack'],1,Negative/Fear,0.822,1,2011,True,Female Perspective
ladies of andersonville please be safe walking at night!,"FYI there have been a series of muggings in the andersonville area recently so please be careful walking at night. A close friend of mine was attacked and beaten up a few nights ago, apparently she was the 6th victim in three weeks. Just wanted to put the word out, hopefully they catch the scumbag soon.",chicago,13,1312170895.0,10,https://reddit.com/r/chicago/comments/j5cxa/ladies_of_andersonville_please_be_safe_walking_at/,"ladies of andersonville please be safe walking at night! FYI there have been a series of muggings in the andersonville area recently so please be careful walking at night. A close friend of mine was attacked and beaten up a few nights ago, apparently she was the 6th victim in three weeks. Just wanted to put the word out, hopefully they catch the scumbag soon.",['Andersonville'],['attacked'],1,Negative/Fear,0.841,3,2011,True,Female Perspective
Is E Garfield Blvd and W 55th a safe route to take from Hyde Park to Midway?,"Hi, I'm new to Chicago and I need to go to Midway. Google Maps shows E Garfield Blvd and W 55th as the simplest route out of Hyde Park to the airport, however that appears to cut through some of the high crime neighborhoods west of UChicago. Is it safe to take that route? Wasn't a [woman and her family attacked](http://abc7chicago.com/news/abc7-exclusive-woman-allegedly-attacked-by-group-near-u-of-c-campus/841913/) recently while driving in that area?
Thanks!",chicago,0,1437238551.0,12,https://reddit.com/r/chicago/comments/3dr0ot/is_e_garfield_blvd_and_w_55th_a_safe_route_to/,"Is E Garfield Blvd and W 55th a safe route to take from Hyde Park to Midway? Hi, I'm new to Chicago and I need to go to Midway. Google Maps shows E Garfield Blvd and W 55th as the simplest route out of Hyde Park to the airport, however that appears to cut through some of the high crime neighborhoods west of UChicago. Is it safe to take that route? Wasn't a [woman and her family attacked](http://abc7chicago.com/news/abc7-exclusive-woman-allegedly-attacked-by-group-near-u-of-c-campus/841913/) recently while driving in that area?
Thanks!",['Hyde Park'],['attacked'],1,Neutral/Concern,0.601,16,2015,False,Female Perspective
Woman Attacked While Jogging In River North,,chicago,19,1473912069.0,11,https://reddit.com/r/chicago/comments/52uh5j/woman_attacked_while_jogging_in_river_north/,Woman Attacked While Jogging In River North ,['River North'],['attacked'],1,Negative/Fear,0.67,4,2016,False,Female Perspective
Should I move to Chicago?,"I’m a single 25 year old Black woman. I just accepted a job offer for 150k base that will require out of state relocation (also covered by the company). The location options are Austin, Chicago, D.C., Nashville or Sacramento. I need to let HR know my first choice soon, and I’m stumped. I am only seriously considering either D.C. or Chicago. I’m looking for great food and nightlife, a good black dating scene, and walkability. I’m from the Midwest, so Chicago is closer to home but I have community in either city. The main pro for D.C. is the milder weather (I’d love to be done with Midwest winters), while Chicago is a little more affordable. 

I’d like to live in or as close as possible to a neighborhood with other young professionals and good food options. The only caveat is that I have a 75 pound pitt mix. She’s friendly but can appear intimidating and sometimes gets too excited when we see other dogs/she’s over stimulated, so I’d like something with a private entrance. My dream would be a townhouse (nothing huge) with a small private fenced back yard. I’m open to renting or buying, I’ve seen some like what I’m looking for in the DC area within my budget, I’m just not sure if the area is safe. 


So, I’ll leave it to you all: D.C. or Chicago?",AskChicago,261,1716951604.0,523,https://reddit.com/r/AskChicago/comments/1d325dx/should_i_move_to_chicago/,"Should I move to Chicago? I’m a single 25 year old Black woman. I just accepted a job offer for 150k base that will require out of state relocation (also covered by the company). The location options are Austin, Chicago, D.C., Nashville or Sacramento. I need to let HR know my first choice soon, and I’m stumped. I am only seriously considering either D.C. or Chicago. I’m looking for great food and nightlife, a good black dating scene, and walkability. I’m from the Midwest, so Chicago is closer to home but I have community in either city. The main pro for D.C. is the milder weather (I’d love to be done with Midwest winters), while Chicago is a little more affordable. 

I’d like to live in or as close as possible to a neighborhood with other young professionals and good food options. The only caveat is that I have a 75 pound pitt mix. She’s friendly but can appear intimidating and sometimes gets too excited when we see other dogs/she’s over stimulated, so I’d like something with a private entrance. My dream would be a townhouse (nothing huge) with a small private fenced back yard. I’m open to renting or buying, I’ve seen some like what I’m looking for in the DC area within my budget, I’m just not sure if the area is safe. 


So, I’ll leave it to you all: D.C. or Chicago?",['Austin'],['intimidating'],1,Neutral/Concern,0.54,3,2024,True,Female Perspective
Moving to Chicago: how are SW neighborhoods?,"As the title says, my wife and I are seriously thinking of moving to Chicago after visiting a few times. We love the Logan Square/Humboldt Park area, but it’s a little out of our price range to buy a home (max $300k). Are there other neighborhoods near the CTA or Metra that still keep us close to nice parks and walkable-ish neighborhoods? We like to ride our bikes, so being a little farther from a metro station is fine as long as we can lock our bikes up near the station.

I would also like the area to be safe enough that my wife can walk around by herself. We have lived in both Tucson (near DMAFB and Santa Rita High School) and St. Louis (Lemay, South City, and now Overland), so we know how to at least be aware of our surroundings.

I’m curious if anyone has info on Garfield Park, Lawndale, Brighton Park, and Cicero. Maybe there are other areas south of the downtown area like Avalon Park or Englewood that we should consider? 

Edit: Haha sorry y’all. I promise this is not a troll post. I mentioned neighborhoods like Garfield and Lawndale cause in STL, the general consensus online of Ferguson and Florissant is dangerous and should be avoided at all costs, but then everyone I know who lives there says the worst they have ever seen is a car break-in or a package stolen. I’m not sure if that is the same for some of these neighborhoods that I mentioned.

Also as far as work, the companies we work for would allow us to go remote, so that is not a concern at the moment.",AskChicago,8,1756582905.0,92,https://reddit.com/r/AskChicago/comments/1n4amqa/moving_to_chicago_how_are_sw_neighborhoods/,"Moving to Chicago: how are SW neighborhoods? As the title says, my wife and I are seriously thinking of moving to Chicago after visiting a few times. We love the Logan Square/Humboldt Park area, but it’s a little out of our price range to buy a home (max $300k). Are there other neighborhoods near the CTA or Metra that still keep us close to nice parks and walkable-ish neighborhoods? We like to ride our bikes, so being a little farther from a metro station is fine as long as we can lock our bikes up near the station.

I would also like the area to be safe enough that my wife can walk around by herself. We have lived in both Tucson (near DMAFB and Santa Rita High School) and St. Louis (Lemay, South City, and now Overland), so we know how to at least be aware of our surroundings.

I’m curious if anyone has info on Garfield Park, Lawndale, Brighton Park, and Cicero. Maybe there are other areas south of the downtown area like Avalon Park or Englewood that we should consider? 

Edit: Haha sorry y’all. I promise this is not a troll post. I mentioned neighborhoods like Garfield and Lawndale cause in STL, the general consensus online of Ferguson and Florissant is dangerous and should be avoided at all costs, but then everyone I know who lives there says the worst they have ever seen is a car break-in or a package stolen. I’m not sure if that is the same for some of these neighborhoods that I mentioned.

Also as far as work, the companies we work for would allow us to go remote, so that is not a concern at the moment.","['Logan Square', 'Englewood', 'Humboldt Park', 'Garfield Park', 'Brighton Park']",['dangerous'],1,Positive/Reassuring,0.845,19,2025,False,Female Perspective
"Anyone here lived in or from Washington DC? Potentially making the move, and wondering how the two cities compare.","I moved to Chicago 4 years ago and absolutely fell in love with the city. I saw myself living here at least throughout my 30s (25 now), but as the old story goes, I met a girl.

She has a pretty amazing career opportunity with an old colleague in the DC metro area that would require us to move there in 2018 and we are trying to weigh the pros and cons of the two cities. I would be able to work remotely with my current company and would be able to find something similar in that area if need be (I’ve also thought about pivoting career wise by getting an MBA and Georgetown would be easier to get into over Northwestern or Booth).

We are doing our own research but wanted to get anyone’s POV if possible.
I had a questions on the following:

Neighborhoods - How do the neighborhoods there compare to here in Chicago? We currently live in Bucktown and mainly stick to WP, West Loop and Logan when going out. 

Public Transit - From what I’ve read, you could live in DC without a car and get around using their transit system. However, I’ve also read that it’s worse than the CTA. Would you say that’s the case?

Big City Feel - I love the fact that I live such a big city, every time I see the skyline I get a little smile on my face. How is the transition from a smaller city like DC? 

Social Scene/East Coast People - I’ve never had a problem striking up a conversation at a bar here in Chicago and the majority of people I’ve met here are cool. Is it easy to make friends in DC, is it like any other larger city?

Weather - I’ve been getting mixed signals on the weather in DC, some say it’s only better because of Chicago winters, but I actually don’t mind them too much. I’m pretty worried about the summers, I am not a fan of humidity, but is it comparable to Chicago summers?

Crime - Every neighborhood in the city has seen a rise in crime this year (muggings and carjackings), so we have definitely been more aware of our surroundings just walking around our hood. Is it more or less the same DC area?

These were the big ones I had questions on, but if you had any other input it would be great! Probably the other thing would be cost of living but salary wise we would be making way more and be able to live just as comfortably.

Plan on posting on /r/washingtondc as well. TIA!",chicago,17,1514410472.0,27,https://reddit.com/r/chicago/comments/7mhyyb/anyone_here_lived_in_or_from_washington_dc/,"Anyone here lived in or from Washington DC? Potentially making the move, and wondering how the two cities compare. I moved to Chicago 4 years ago and absolutely fell in love with the city. I saw myself living here at least throughout my 30s (25 now), but as the old story goes, I met a girl.

She has a pretty amazing career opportunity with an old colleague in the DC metro area that would require us to move there in 2018 and we are trying to weigh the pros and cons of the two cities. I would be able to work remotely with my current company and would be able to find something similar in that area if need be (I’ve also thought about pivoting career wise by getting an MBA and Georgetown would be easier to get into over Northwestern or Booth).

We are doing our own research but wanted to get anyone’s POV if possible.
I had a questions on the following:

Neighborhoods - How do the neighborhoods there compare to here in Chicago? We currently live in Bucktown and mainly stick to WP, West Loop and Logan when going out. 

Public Transit - From what I’ve read, you could live in DC without a car and get around using their transit system. However, I’ve also read that it’s worse than the CTA. Would you say that’s the case?

Big City Feel - I love the fact that I live such a big city, every time I see the skyline I get a little smile on my face. How is the transition from a smaller city like DC? 

Social Scene/East Coast People - I’ve never had a problem striking up a conversation at a bar here in Chicago and the majority of people I’ve met here are cool. Is it easy to make friends in DC, is it like any other larger city?

Weather - I’ve been getting mixed signals on the weather in DC, some say it’s only better because of Chicago winters, but I actually don’t mind them too much. I’m pretty worried about the summers, I am not a fan of humidity, but is it comparable to Chicago summers?

Crime - Every neighborhood in the city has seen a rise in crime this year (muggings and carjackings), so we have definitely been more aware of our surroundings just walking around our hood. Is it more or less the same DC area?

These were the big ones I had questions on, but if you had any other input it would be great! Probably the other thing would be cost of living but salary wise we would be making way more and be able to live just as comfortably.

Plan on posting on /r/washingtondc as well. TIA!","['Loop', 'Bucktown', 'West Loop']",['worried'],1,Positive/Reassuring,0.958,21,2017,True,Female Perspective
Safe to walk between Hyatt Regency and Millineum Park with small child at night?,"Hi Everyone, I'll be visiting Chicago and staying at the Hyatt Regency with my little daughter (she's 8) in a couple weeks.  I wanted to stay there because of its location and was thinking of going to skate at Millennium Park, grabbing pizza at the Giordanos in the Prudential Plaza, and then walking back to the hotel.  Would we be generally safe making that walk somewhere between 7p-9p?  I'm not sure how well lit, busy, or patrolled that area is during those times. Especially in the winter. 

  
Sorry if this seems silly.  Just want to be sure those plans sound reasonable with the little one.  I can adjust the time if needed or even stay in another location. ",AskChicago,0,1764559206.0,32,https://reddit.com/r/AskChicago/comments/1pb1xvq/safe_to_walk_between_hyatt_regency_and_millineum/,"Safe to walk between Hyatt Regency and Millineum Park with small child at night? Hi Everyone, I'll be visiting Chicago and staying at the Hyatt Regency with my little daughter (she's 8) in a couple weeks.  I wanted to stay there because of its location and was thinking of going to skate at Millennium Park, grabbing pizza at the Giordanos in the Prudential Plaza, and then walking back to the hotel.  Would we be generally safe making that walk somewhere between 7p-9p?  I'm not sure how well lit, busy, or patrolled that area is during those times. Especially in the winter. 

  
Sorry if this seems silly.  Just want to be sure those plans sound reasonable with the little one.  I can adjust the time if needed or even stay in another location. ",['Millennium Park'],[],0,Neutral/Concern,0.711,3,2025,True,Female Perspective
"Is it just me or does anyone feel like west loop is a pure meme, almost like I'm living in the truman show with everyone playing the same characters with same jobs, conversations, behaviors, outfits?","I've lived near west loop the past 2 years (moved from another state), due to the food scene and a killer deal I got on an apartment. I'm more of an artsy person but I'm also a foodie so I settled here.

It's the most strangely homogenous place I've lived in terms of the people, almost like a reality TV show picked contestents based on specific behaviors and plopped them all in one place. It's like the truman show, where everyone are actors saying the same things the same way.

1. Mid twenties/early thirties men with slick back haircuts wearing white shoes, those tight fitting shorts, almost like they all work at a boathouse in lake geneva or something. Everytime I hear a conversation it's always about ""some big deal I'm working through"".  I go to the huxton hotel occasionally to grab a drink and 50% of the time there is a solo guy that walks up to the bar in a suit, slicked back hair,  in a hurried/stressed demeanor with his airpods in talking about investing in some property or business while simultaneously ordering a whiskey.
2. Every woman looks and behaves the same. tiny dog check. walking around in casual yoga outfit check. never will they ever make eye contact, ever. The weirdest thing I constantly see is the pilates classes. I Walk by and its like 60 women that look IDENTICAL doing IDENTICAL WORKOUTS with IDENTICAL OUFTITs. I swear it can pass as some kind of facility pumping out fem-robots for mass deployment and they are all calibrating their mechanical joints or some shit like that.
3. I've never seen such a high concentration of BMW M5's in my lif



Things get more diverse at night when people outside west loop come in for the food / bars. But during the day - wow it's like I'm watching a reality tv show. ",AskChicago,1230,1759497663.0,290,https://reddit.com/r/AskChicago/comments/1nwyzh8/is_it_just_me_or_does_anyone_feel_like_west_loop/,"Is it just me or does anyone feel like west loop is a pure meme, almost like I'm living in the truman show with everyone playing the same characters with same jobs, conversations, behaviors, outfits? I've lived near west loop the past 2 years (moved from another state), due to the food scene and a killer deal I got on an apartment. I'm more of an artsy person but I'm also a foodie so I settled here.

It's the most strangely homogenous place I've lived in terms of the people, almost like a reality TV show picked contestents based on specific behaviors and plopped them all in one place. It's like the truman show, where everyone are actors saying the same things the same way.

1. Mid twenties/early thirties men with slick back haircuts wearing white shoes, those tight fitting shorts, almost like they all work at a boathouse in lake geneva or something. Everytime I hear a conversation it's always about ""some big deal I'm working through"".  I go to the huxton hotel occasionally to grab a drink and 50% of the time there is a solo guy that walks up to the bar in a suit, slicked back hair,  in a hurried/stressed demeanor with his airpods in talking about investing in some property or business while simultaneously ordering a whiskey.
2. Every woman looks and behaves the same. tiny dog check. walking around in casual yoga outfit check. never will they ever make eye contact, ever. The weirdest thing I constantly see is the pilates classes. I Walk by and its like 60 women that look IDENTICAL doing IDENTICAL WORKOUTS with IDENTICAL OUFTITs. I swear it can pass as some kind of facility pumping out fem-robots for mass deployment and they are all calibrating their mechanical joints or some shit like that.
3. I've never seen such a high concentration of BMW M5's in my lif



Things get more diverse at night when people outside west loop come in for the food / bars. But during the day - wow it's like I'm watching a reality tv show. ","['Loop', 'West Loop']",[],0,Neutral/Concern,0.581,13,2025,False,Female Perspective
Got hexed twice by the same homeless woman. Who else has this happened to??,"So, three years ago (October 19, 2012 according to Facebook) my boyfriend and I were walking in Lakeview when a homeless woman approached us to ask for money. We said no, and as we walked away she yelled after us ""I hope yo' baby dies!""... which was such a specific and bizarre thing to say under the circumstances (we don't have a baby; I wasn't pregnant or pregnant-looking at the time) that we never forgot it. For years I have joked about how this person put a hex on my firstborn, fairytale-style.

Fast forward to last Friday night: we're walking to dinner after work in River North, and a woman walks up to us across the street from the rock &amp; roll McDonald's.

""You've gotta help me out... those people wouldn't, and I'm just looking for a little help. I just need to go in there [gestures to McDonald's] and get three fish sandwiches--"" to which we were like ""THREE?""

Anyway she asked us for money, we said no, we continued walking, and then suddenly...

*""I hope you both die, I hope yo' baby dies.""*

IT WAS HER. IT WAS THE BABY-DIES LADY.

Anyway, it got me thinking, how many people has this woman put a hex on in the last three years, or in the years before that? Thousands? Anyone else in this sub? How do you feel about being hexed? Do you think my hex has been reversed now that she accidentally did it to me twice? Who *is* the baby-dies lady?",chicago,49,1439502894.0,42,https://reddit.com/r/chicago/comments/3gwhep/got_hexed_twice_by_the_same_homeless_woman_who/,"Got hexed twice by the same homeless woman. Who else has this happened to?? So, three years ago (October 19, 2012 according to Facebook) my boyfriend and I were walking in Lakeview when a homeless woman approached us to ask for money. We said no, and as we walked away she yelled after us ""I hope yo' baby dies!""... which was such a specific and bizarre thing to say under the circumstances (we don't have a baby; I wasn't pregnant or pregnant-looking at the time) that we never forgot it. For years I have joked about how this person put a hex on my firstborn, fairytale-style.

Fast forward to last Friday night: we're walking to dinner after work in River North, and a woman walks up to us across the street from the rock &amp; roll McDonald's.

""You've gotta help me out... those people wouldn't, and I'm just looking for a little help. I just need to go in there [gestures to McDonald's] and get three fish sandwiches--"" to which we were like ""THREE?""

Anyway she asked us for money, we said no, we continued walking, and then suddenly...

*""I hope you both die, I hope yo' baby dies.""*

IT WAS HER. IT WAS THE BABY-DIES LADY.

Anyway, it got me thinking, how many people has this woman put a hex on in the last three years, or in the years before that? Thousands? Anyone else in this sub? How do you feel about being hexed? Do you think my hex has been reversed now that she accidentally did it to me twice? Who *is* the baby-dies lady?","['River North', 'Lakeview']",[],0,Negative/Fear,0.598,21,2015,True,Female Perspective
How safe is Avondale?,"I have searched this sub and other forums for info, but most comments are a few years old so I figured it's safe if I ask again. Apologies if I missed a recent post about this topic!

My boyfriend and I are seriously considering moving to Avondale from Lincoln Park. We're drawn to the neighborhood because we'll be getting waaaay more bang for our buck, public transportation seems accessible, and many of our favorite restaurants are nearby.

The main ""question mark"" in my mind is the safety of the area. I am a 26 y/o woman who will be walking about .4 mi to the Belmont blue line stop to commute downtown.

Details on the location: South of Barry; East of Central Cark/Milwaukee ave intersection; North of Diversey.

When we toured the place, it seemed to be a quiet residential street, with families on either side. Detached garage parking for my boyfriend's car and a fenced in yard for our dog are big selling points to us. The unit is on the first floor so any tips on home security systems are also welcome.

Maybe I'm being totally irrational, but I've been reading as much as I can about the area since I've been in LP for 4 years and have mixed feelings. Like I mentioned, a lot of the ""negative"" comments about crime, gang activity, etc. are anywhere from 4-10 years old at this point.

TIA for your input and advice! And if I'm totally overreacting, please tell me (nicely) :)",chicago,17,1517686709.0,79,https://reddit.com/r/chicago/comments/7v1ixv/how_safe_is_avondale/,"How safe is Avondale? I have searched this sub and other forums for info, but most comments are a few years old so I figured it's safe if I ask again. Apologies if I missed a recent post about this topic!

My boyfriend and I are seriously considering moving to Avondale from Lincoln Park. We're drawn to the neighborhood because we'll be getting waaaay more bang for our buck, public transportation seems accessible, and many of our favorite restaurants are nearby.

The main ""question mark"" in my mind is the safety of the area. I am a 26 y/o woman who will be walking about .4 mi to the Belmont blue line stop to commute downtown.

Details on the location: South of Barry; East of Central Cark/Milwaukee ave intersection; North of Diversey.

When we toured the place, it seemed to be a quiet residential street, with families on either side. Detached garage parking for my boyfriend's car and a fenced in yard for our dog are big selling points to us. The unit is on the first floor so any tips on home security systems are also welcome.

Maybe I'm being totally irrational, but I've been reading as much as I can about the area since I've been in LP for 4 years and have mixed feelings. Like I mentioned, a lot of the ""negative"" comments about crime, gang activity, etc. are anywhere from 4-10 years old at this point.

TIA for your input and advice! And if I'm totally overreacting, please tell me (nicely) :)","['Lincoln Park', 'Avondale']",[],0,Positive/Reassuring,0.765,19,2018,False,Female Perspective
"Found severely matted stray dog — need emergency grooming help? (she gets vaccinated Tuesday, I can pay $100)?","Hey everyone,
Last night I found a stray dog in the South Shore neighborhood and brought her in last night until the shelter opened up. I took her to Chicago Animal Care and Control (CACC) on Western, and a woman from PAWS Chicago told me she can get her vaccinated and checked (including an x-ray for her leg) this upcoming Tuesday.

The thing is — this poor girl is in rough shape. She’s severely matted, covered in dried poop, and smells awful. I bathed her five times last night, managed to free up her legs so she can finally poop normally, but the matting is still horrible. She cries when I try to clip her and will bite if I go too far, so I’ve done all I safely can.

I can pay for grooming $100 — that’s not the issue. The issue is that every groomer I’ve called requires proof of rabies vaccination, and since she’s a stray, I obviously don’t have that yet. I just need someone who’s experienced and kind enough to help clean her up asap, even if that means working around her a bit or using a muzzle.

If you’re a groomer, vet tech, rescue volunteer, or know someone who can help, please DM me. I’ll handle payment and transportation. I just want to make her comfortable and safe until her vet appointment.

Thank you so much, Chicago ❤️
— Located near South Shore

Update: October 20th at 7pm: Hey everyone, unfortunately, the dog has passed away from injuries. (We found out it was actually a he) He had a massive gash on his leg and was extremely underweight. He passed shortly after being groomed. Thank you everyone for your responses and help. ",AskChicago,42,1760659492.0,14,https://reddit.com/r/AskChicago/comments/1o8mi7c/found_severely_matted_stray_dog_need_emergency/,"Found severely matted stray dog — need emergency grooming help? (she gets vaccinated Tuesday, I can pay $100)? Hey everyone,
Last night I found a stray dog in the South Shore neighborhood and brought her in last night until the shelter opened up. I took her to Chicago Animal Care and Control (CACC) on Western, and a woman from PAWS Chicago told me she can get her vaccinated and checked (including an x-ray for her leg) this upcoming Tuesday.

The thing is — this poor girl is in rough shape. She’s severely matted, covered in dried poop, and smells awful. I bathed her five times last night, managed to free up her legs so she can finally poop normally, but the matting is still horrible. She cries when I try to clip her and will bite if I go too far, so I’ve done all I safely can.

I can pay for grooming $100 — that’s not the issue. The issue is that every groomer I’ve called requires proof of rabies vaccination, and since she’s a stray, I obviously don’t have that yet. I just need someone who’s experienced and kind enough to help clean her up asap, even if that means working around her a bit or using a muzzle.

If you’re a groomer, vet tech, rescue volunteer, or know someone who can help, please DM me. I’ll handle payment and transportation. I just want to make her comfortable and safe until her vet appointment.

Thank you so much, Chicago ❤️
— Located near South Shore

Update: October 20th at 7pm: Hey everyone, unfortunately, the dog has passed away from injuries. (We found out it was actually a he) He had a massive gash on his leg and was extremely underweight. He passed shortly after being groomed. Thank you everyone for your responses and help. ",['South Shore'],[],0,Negative/Fear,0.565,0,2025,True,Female Perspective
Chicago Review. First time visit. Unbiased opinion attempt,"I am from Washington State (not a WA native though. but lived here for ~~12 years now) in the north Seattle Area (about 15 miles north of the space needle to give a reference point)

I just landed back home yesterday after a weekend trip to Chicago.

I unfortunately did not have as much time as i wanted there. and couldnt do everything that was on my list. I also had to rush alot of things because I was running out of time.

lastly, i mostly were in the (i hope i dont get the areas wrong. referencing google maps) Mag Mile, South Loop, West loop area. so my review will primarily be based on those places. so in general, it might not be a representation of chicago.

I dont go down to Seattle often, so my comparison might be incorrect. and again, this is based on the areas i was staying at while in Chicago. so PLEASE point out anything for me that may make my observations different. (either for chicago, or seattle)

So first of all, the location and area.

Domestically, this is my first time going any past the West Coast. The vibe around here is so very chill but also very obviously different compared to Seattle. My only understanding of Chicago is whats portrayed in the movies and TV. But my time there, i only saw 1 homeless person. The area and streets were very clean. and all throughout the day and night, there were alot of activity but still fairly quiet!

The vibe was amazing. I saw so many people wearing really nice clothes. Both men and women. but especially women. Alot of them had very nice looking dresses. it was as if they were going to the Gala, or a formal/semi formal dinner. Even when i was walking around W ohio st &amp; N wells st. There were so many people dressed nicely.

I RARELY see that in Seattle (if ever actually).

Also while walking around, there were so many nice looking restaurants that were also bustling. the atmosphere and vibe also looked and appeared great! many outdoor seating. dim lighting, great mood, etc.

Food

this is one of my regrets. I didnt have enough time to try out as much as i can. I also cant eat as much as I used to be able to when i was younger. The places I visited were

* Au Cheval

* Small Cheval

* Al's Beef for Chicago Dog and Italian Beef (Dry with the gravy on the side)

* Street Stand Chicago Hot Dog

some other stuff that wasnt Chicago Related. But had no choice due to x y z factors (it was late, no time, etc)

but overall, I only ate at around 8 spots total. (including the ""non chicago related"" spots).

some other spots and/or foods I wanted to try were

* Pequods

* Lous

* Deepdish &amp; Tavern style pizza

* Haralds chicken Shack

* Jims original

* Kasama

* Portillo's (to compare)

I dont quite recall how much each food was. But it definitely felt cheaper than in Seattle. Except for any kind of street stand areas (I ate a chicago dog at the vendor after visiting the shedd aquarium. that one was small and like $6. Doesnt come with fries)

Everything I was able to eat was a 10/10.

Au Cheval is something I highly recommend. I got the single Ch burger with Egg and bacon (of course) it comes out to ~~$36 with 20% tip. 

The burger itself is $17. an Egg is $3 and bacon is $7.

This part might be controversial and contradictory. Its worth it, but its also not worth it. If i ever go back to chicago, will I be getting it again? yes 100%. Although a bit over salted, its also definitely 1 of the top burgers I ever had. the egg and bacon add on surcharge is expensive. but its good and you HAVE to get it with the burger. Their egg is made delicately. sunny side up. the Bacon is very special and was similar to a maple smoked hickory peppered Bacon that were also thick. even if you dont get the bacon and egg, get it with the combo ATLEAST once. The burger is worth trying at least once.
The restaurant was also really amazing! its much smaller than it looks. but very well run.

and lastly, the land..... coming from Seattle, the flat lands were a freaken welcome and a gift... out of EVERYTHING, thats probably what i enjoyed the most. i stayed in chicago for 3 days/4 nights. and I was outside for majority of my time there. My god is it easy to travel around.... not to mention, public transport there is tier 1 (atleast in comparison to WA...)

in general 10/10. Chicago is a highly recommended spot to visit by me. I want to go there again some time soon. (its even making me want to move to Chicago....)",AskChicago,210,1722283748.0,88,https://reddit.com/r/AskChicago/comments/1ef9fk6/chicago_review_first_time_visit_unbiased_opinion/,"Chicago Review. First time visit. Unbiased opinion attempt I am from Washington State (not a WA native though. but lived here for ~~12 years now) in the north Seattle Area (about 15 miles north of the space needle to give a reference point)

I just landed back home yesterday after a weekend trip to Chicago.

I unfortunately did not have as much time as i wanted there. and couldnt do everything that was on my list. I also had to rush alot of things because I was running out of time.

lastly, i mostly were in the (i hope i dont get the areas wrong. referencing google maps) Mag Mile, South Loop, West loop area. so my review will primarily be based on those places. so in general, it might not be a representation of chicago.

I dont go down to Seattle often, so my comparison might be incorrect. and again, this is based on the areas i was staying at while in Chicago. so PLEASE point out anything for me that may make my observations different. (either for chicago, or seattle)

So first of all, the location and area.

Domestically, this is my first time going any past the West Coast. The vibe around here is so very chill but also very obviously different compared to Seattle. My only understanding of Chicago is whats portrayed in the movies and TV. But my time there, i only saw 1 homeless person. The area and streets were very clean. and all throughout the day and night, there were alot of activity but still fairly quiet!

The vibe was amazing. I saw so many people wearing really nice clothes. Both men and women. but especially women. Alot of them had very nice looking dresses. it was as if they were going to the Gala, or a formal/semi formal dinner. Even when i was walking around W ohio st &amp; N wells st. There were so many people dressed nicely.

I RARELY see that in Seattle (if ever actually).

Also while walking around, there were so many nice looking restaurants that were also bustling. the atmosphere and vibe also looked and appeared great! many outdoor seating. dim lighting, great mood, etc.

Food

this is one of my regrets. I didnt have enough time to try out as much as i can. I also cant eat as much as I used to be able to when i was younger. The places I visited were

* Au Cheval

* Small Cheval

* Al's Beef for Chicago Dog and Italian Beef (Dry with the gravy on the side)

* Street Stand Chicago Hot Dog

some other stuff that wasnt Chicago Related. But had no choice due to x y z factors (it was late, no time, etc)

but overall, I only ate at around 8 spots total. (including the ""non chicago related"" spots).

some other spots and/or foods I wanted to try were

* Pequods

* Lous

* Deepdish &amp; Tavern style pizza

* Haralds chicken Shack

* Jims original

* Kasama

* Portillo's (to compare)

I dont quite recall how much each food was. But it definitely felt cheaper than in Seattle. Except for any kind of street stand areas (I ate a chicago dog at the vendor after visiting the shedd aquarium. that one was small and like $6. Doesnt come with fries)

Everything I was able to eat was a 10/10.

Au Cheval is something I highly recommend. I got the single Ch burger with Egg and bacon (of course) it comes out to ~~$36 with 20% tip. 

The burger itself is $17. an Egg is $3 and bacon is $7.

This part might be controversial and contradictory. Its worth it, but its also not worth it. If i ever go back to chicago, will I be getting it again? yes 100%. Although a bit over salted, its also definitely 1 of the top burgers I ever had. the egg and bacon add on surcharge is expensive. but its good and you HAVE to get it with the burger. Their egg is made delicately. sunny side up. the Bacon is very special and was similar to a maple smoked hickory peppered Bacon that were also thick. even if you dont get the bacon and egg, get it with the combo ATLEAST once. The burger is worth trying at least once.
The restaurant was also really amazing! its much smaller than it looks. but very well run.

and lastly, the land..... coming from Seattle, the flat lands were a freaken welcome and a gift... out of EVERYTHING, thats probably what i enjoyed the most. i stayed in chicago for 3 days/4 nights. and I was outside for majority of my time there. My god is it easy to travel around.... not to mention, public transport there is tier 1 (atleast in comparison to WA...)

in general 10/10. Chicago is a highly recommended spot to visit by me. I want to go there again some time soon. (its even making me want to move to Chicago....)","['Loop', 'South Loop', 'West Loop']",[],0,Negative/Fear,0.612,20,2024,True,Female Perspective
"I keep hearing mixed things some say it's artsy and amazing, others say it’s changed a lot. If you're a woman living there, how do you feel walking home at night? Still good energy? Worth the rent?",Is Logan Square still worth the hype?,AskChicago,0,1753519123.0,6,https://reddit.com/r/AskChicago/comments/1m9ocsm/i_keep_hearing_mixed_things_some_say_its_artsy/,"I keep hearing mixed things some say it's artsy and amazing, others say it’s changed a lot. If you're a woman living there, how do you feel walking home at night? Still good energy? Worth the rent? Is Logan Square still worth the hype?",['Logan Square'],[],0,Neutral/Concern,0.489,8,2025,False,Female Perspective
Safe to walk from Goodman Theatre to Mag Mile at night as a Solo female tourist?,"Is it safe to walk from Goodman Theatre to Mag Mile at night around 9:30 PM as a Solo female tourist?

Also, I'm gonna be in Chicago for NYE and wanted to check out the Navy Pier fireworks show but I don't know if it's safe to walk from Navy Pier to East Ohio St. after midnight. Please help :)",AskChicago,0,1733627887.0,16,https://reddit.com/r/AskChicago/comments/1h99m7o/safe_to_walk_from_goodman_theatre_to_mag_mile_at/,"Safe to walk from Goodman Theatre to Mag Mile at night as a Solo female tourist? Is it safe to walk from Goodman Theatre to Mag Mile at night around 9:30 PM as a Solo female tourist?

Also, I'm gonna be in Chicago for NYE and wanted to check out the Navy Pier fireworks show but I don't know if it's safe to walk from Navy Pier to East Ohio St. after midnight. Please help :)",['Navy Pier'],[],0,Neutral/Concern,0.587,3,2024,True,Female Perspective
Woman Raped At Knifepoint In Little Village,,chicago,35,1518792370.0,3,https://reddit.com/r/chicago/comments/7xz65g/woman_raped_at_knifepoint_in_little_village/,Woman Raped At Knifepoint In Little Village ,['Little Village'],[],0,Neutral/Concern,0.491,14,2018,False,Female Perspective
Visiting Chicago next week - Hyde Park a safe place?,"My wife and I are visiting Chicago next week, but are a little concerned as we're reading a lot about safety issues on this subreddit and elsewhere.  We're looking at a great place on airbnb, but I just wanted to run the area by you guys to get a feel for how safe the neighborhood is.  We're staying near E Hyde Park Blvd and S Cottage Grove Ave.  

We're both from Toronto, fairly street smart, but aren't looking for a stressful situation worrying about whether we can come home late, take subway etc.  Thoughts?",chicago,10,1312642730.0,23,https://reddit.com/r/chicago/comments/jat4g/visiting_chicago_next_week_hyde_park_a_safe_place/,"Visiting Chicago next week - Hyde Park a safe place? My wife and I are visiting Chicago next week, but are a little concerned as we're reading a lot about safety issues on this subreddit and elsewhere.  We're looking at a great place on airbnb, but I just wanted to run the area by you guys to get a feel for how safe the neighborhood is.  We're staying near E Hyde Park Blvd and S Cottage Grove Ave.  

We're both from Toronto, fairly street smart, but aren't looking for a stressful situation worrying about whether we can come home late, take subway etc.  Thoughts?",['Hyde Park'],[],0,Positive/Reassuring,0.618,14,2011,False,Female Perspective
Where do actual women hang out in Chicago (that isn’t just Bumble IRL)?,"Hey Chicago,

41M here. Gainfully employed, emotionally literate, owns a dog, walks for miles, reads actual books. Also Indian (the born-in-India kind, not the spiritual-tourist kind), though I do cook Indian food a lot.

I’ve accepted that dating apps might be the Costco of romance, i.e. convenient, crowded, and somehow always out of the one thing you came for. So! Where do people (especially women) actually go to meet other humans in the wild these days?

I’m open to anything: bookstores, panels, trivia nights, weird indie film clubs, even bars with decent lighting and tolerable volume. Yes, I’m sober, but no, I’m not a monk or allergic to fun.

I’m into deep convos, running, long lakeside walks, and wondering why there are 400 breweries in Logan Square but no bookstore where people make eye contact.

Looking for places where people might truly talk. No judgment if the answer is “nowhere, stay on Hinge,” but I figured I’d ask before giving up and marrying my dog.

Thanks in advance — and don’t worry, I won’t pitch you a startup. 😉

# ",AskChicago,266,1750610586.0,273,https://reddit.com/r/AskChicago/comments/1lhsd1s/where_do_actual_women_hang_out_in_chicago_that/,"Where do actual women hang out in Chicago (that isn’t just Bumble IRL)? Hey Chicago,

41M here. Gainfully employed, emotionally literate, owns a dog, walks for miles, reads actual books. Also Indian (the born-in-India kind, not the spiritual-tourist kind), though I do cook Indian food a lot.

I’ve accepted that dating apps might be the Costco of romance, i.e. convenient, crowded, and somehow always out of the one thing you came for. So! Where do people (especially women) actually go to meet other humans in the wild these days?

I’m open to anything: bookstores, panels, trivia nights, weird indie film clubs, even bars with decent lighting and tolerable volume. Yes, I’m sober, but no, I’m not a monk or allergic to fun.

I’m into deep convos, running, long lakeside walks, and wondering why there are 400 breweries in Logan Square but no bookstore where people make eye contact.

Looking for places where people might truly talk. No judgment if the answer is “nowhere, stay on Hinge,” but I figured I’d ask before giving up and marrying my dog.

Thanks in advance — and don’t worry, I won’t pitch you a startup. 😉

# ",['Logan Square'],[],0,Neutral/Concern,0.596,16,2025,False,Female Perspective
No drinks = no hospitality ,"So so sick of this happening and wondering if this happens to anyone else / if anyone has suggestions on how to make the situation better. Me and my girlfriend (25&amp;26) love going out to restaurants but we tend to get really awful service and it’s like they follow the same script every time. Waiter will come over happy and as friendly as can be and ask “can I start you off with any drinks?” often when going out for dinner we don’t also have drinks but as soon as I say we are going to stick with waters you can see the waiters face completely change. 

Example 1. Very nice pizza place. We were sat and the waiter came up and asked if we wanted drinks and I said we are going to stick to water (as it was 845 on a Wednesday night) and immediately said “k. I’ll be back later” and then disappeared for almost a half hour before we could order food and when taking our food order he pushed drinks 5 times…. Didn’t fill up our waters the entire meal and had to flag down a different waiter to get a box and check. 

Example 2. River north semi casual place. Went in for dinner with a couple friends after walking the city the entire day and we were all dead tired and just really wanted water. Waiter came up super nice asked about drinks and when we said no got super annoyed at us. Can back with a water pitcher and slammed it down on the table. Came back for orders and said “what do you want?” We ended up ordering apps entrée and dessert but he would just very clearly upsetly throw our plates down. 

I get that if we don’t get drinks the tip in theory will be less but what… if we get a round of drinks for $36 x .20 = $7.20tip. Like if we get awful service you are going to lose a lot more than 7 bucks in tips so if it mattered that much why not be nice! 

Guess this is more of a rant but it’s the one thing I don’t like about living here. 7/10 times we get HORRIBLE service all because don’t get drinks. The places that are still nice we visit really often. Also I’m partially assuming no drinks combined with the fact we look young is an issue. It’s just disheartening when you can see the look on the waiters face change :(

Edit: I am so glad to hear we are an outlier here. I think there are many factors related to us and exterior factors and we just (wrongly) assumed it was due to drinks bc we definitely had that happen once or twice before. Also where we end up choosing to go seems to have a lot to do with it. ",AskChicago,206,1723724256.0,418,https://reddit.com/r/AskChicago/comments/1estofb/no_drinks_no_hospitality/,"No drinks = no hospitality  So so sick of this happening and wondering if this happens to anyone else / if anyone has suggestions on how to make the situation better. Me and my girlfriend (25&amp;26) love going out to restaurants but we tend to get really awful service and it’s like they follow the same script every time. Waiter will come over happy and as friendly as can be and ask “can I start you off with any drinks?” often when going out for dinner we don’t also have drinks but as soon as I say we are going to stick with waters you can see the waiters face completely change. 

Example 1. Very nice pizza place. We were sat and the waiter came up and asked if we wanted drinks and I said we are going to stick to water (as it was 845 on a Wednesday night) and immediately said “k. I’ll be back later” and then disappeared for almost a half hour before we could order food and when taking our food order he pushed drinks 5 times…. Didn’t fill up our waters the entire meal and had to flag down a different waiter to get a box and check. 

Example 2. River north semi casual place. Went in for dinner with a couple friends after walking the city the entire day and we were all dead tired and just really wanted water. Waiter came up super nice asked about drinks and when we said no got super annoyed at us. Can back with a water pitcher and slammed it down on the table. Came back for orders and said “what do you want?” We ended up ordering apps entrée and dessert but he would just very clearly upsetly throw our plates down. 

I get that if we don’t get drinks the tip in theory will be less but what… if we get a round of drinks for $36 x .20 = $7.20tip. Like if we get awful service you are going to lose a lot more than 7 bucks in tips so if it mattered that much why not be nice! 

Guess this is more of a rant but it’s the one thing I don’t like about living here. 7/10 times we get HORRIBLE service all because don’t get drinks. The places that are still nice we visit really often. Also I’m partially assuming no drinks combined with the fact we look young is an issue. It’s just disheartening when you can see the look on the waiters face change :(

Edit: I am so glad to hear we are an outlier here. I think there are many factors related to us and exterior factors and we just (wrongly) assumed it was due to drinks bc we definitely had that happen once or twice before. Also where we end up choosing to go seems to have a lot to do with it. ",['River North'],[],0,Negative/Fear,0.482,12,2024,False,Female Perspective
Pro tip for folks using Uber in the loop from an Uber driver,"if you are getting an Uber pickup in the loop, PLEASE type in the address rather than using your location on your phone. GPS and phone location in the loop are wildly inaccurate due to the tall buildings. Typically 1 out of three pick ups I get in the loop is off by anywhere from 1 to 4 blocks because people used their location on their phone. This affects navigation as well: much of the loop completely negates GPS satellites and our position on the map either wanders through buildings or the screen will just spin continuously. As a result, if you are watching our location you can see us all over the place in a matter of moments. 

Just a tip to make the whole process easier. Last night I get a pickup at 111 Wacker, wait 5 minutes and the woman calls me saying shes at Adams and Franklin. She gets mad that in traffic it takes me 5 minutes of one way streets to get her and cancels when Im almost there. This is a nightly scenario so save yourself some aggravation and look for an address to use. Youll get picked up faster and everyone will be less frustrated. =8)",chicago,486,1463154025.0,121,https://reddit.com/r/chicago/comments/4j6we7/pro_tip_for_folks_using_uber_in_the_loop_from_an/,"Pro tip for folks using Uber in the loop from an Uber driver if you are getting an Uber pickup in the loop, PLEASE type in the address rather than using your location on your phone. GPS and phone location in the loop are wildly inaccurate due to the tall buildings. Typically 1 out of three pick ups I get in the loop is off by anywhere from 1 to 4 blocks because people used their location on their phone. This affects navigation as well: much of the loop completely negates GPS satellites and our position on the map either wanders through buildings or the screen will just spin continuously. As a result, if you are watching our location you can see us all over the place in a matter of moments. 

Just a tip to make the whole process easier. Last night I get a pickup at 111 Wacker, wait 5 minutes and the woman calls me saying shes at Adams and Franklin. She gets mad that in traffic it takes me 5 minutes of one way streets to get her and cancels when Im almost there. This is a nightly scenario so save yourself some aggravation and look for an address to use. Youll get picked up faster and everyone will be less frustrated. =8)",['Loop'],[],0,Negative/Fear,0.61,15,2016,False,Female Perspective
Moving next month - west loop? Safety as a single female? Beach scene? How’s old town?,"Moving from Manhattan to Chicago next month, and will be out there next week to find a place. 

After tons of research I narrowed down my target neighborhoods to Lakeview East, Lincoln Park, and West Loop. Working downtown, I realized I don’t want to commute 30 (+) mins daily, especially starting a new job and familiarizing myself with the city. (But in general I don’t want to spend so much of my day in the car if I can help it.) So I eliminated Lakeview and Lincoln Park.

I love to go for evening walks which I know is much better by the lake but I saw there are parks in West Loop and going for walks on city streets is fine for me. I was a little concerned West Loop may a little less safe than say east of 90-94. But it seems pretty alright. Do you think it’s pretty much nearly as safe, need not worry? (Yes, yes, be aware of your surroundings, etc.)

How big is the beach scene there? I don’t picture myself going in the water and I’m guessing it’s 3-4 months of the year. I know it’s bit of a trek from west loop. 

Garage waitlists in West Loop can be 30ppl long and the neighboring garage is quite pricey. Assuming it’s still helpful a car though right? Especially in super cold weather to get groceries, etc? 

Lastly, someone just recommended I check out Old Town. The commute isn’t bad and I get the proximity to the lake. Let me know what you think. 

Fyi. Moving on my own (so don’t need to think about kids and schools). Also, love ppl of all ages but would prefer not to be limited to predominately 20 something year old party-ers and a new transplant finding her way. But don’t want a sleepy neighborhood either. 

I’d appreciate any thoughts (or if I missed a beat on something, e.g., traffic): 
• west loop target
• west loop walkability. Trails.
• other neighborhoods, old town? Ideally 20 mins or less to the office 
• safety, safety, safety
• beach scene 
• car being additive as a west loop resident 

",AskChicago,0,1751793168.0,37,https://reddit.com/r/AskChicago/comments/1lswxur/moving_next_month_west_loop_safety_as_a_single/,"Moving next month - west loop? Safety as a single female? Beach scene? How’s old town? Moving from Manhattan to Chicago next month, and will be out there next week to find a place. 

After tons of research I narrowed down my target neighborhoods to Lakeview East, Lincoln Park, and West Loop. Working downtown, I realized I don’t want to commute 30 (+) mins daily, especially starting a new job and familiarizing myself with the city. (But in general I don’t want to spend so much of my day in the car if I can help it.) So I eliminated Lakeview and Lincoln Park.

I love to go for evening walks which I know is much better by the lake but I saw there are parks in West Loop and going for walks on city streets is fine for me. I was a little concerned West Loop may a little less safe than say east of 90-94. But it seems pretty alright. Do you think it’s pretty much nearly as safe, need not worry? (Yes, yes, be aware of your surroundings, etc.)

How big is the beach scene there? I don’t picture myself going in the water and I’m guessing it’s 3-4 months of the year. I know it’s bit of a trek from west loop. 

Garage waitlists in West Loop can be 30ppl long and the neighboring garage is quite pricey. Assuming it’s still helpful a car though right? Especially in super cold weather to get groceries, etc? 

Lastly, someone just recommended I check out Old Town. The commute isn’t bad and I get the proximity to the lake. Let me know what you think. 

Fyi. Moving on my own (so don’t need to think about kids and schools). Also, love ppl of all ages but would prefer not to be limited to predominately 20 something year old party-ers and a new transplant finding her way. But don’t want a sleepy neighborhood either. 

I’d appreciate any thoughts (or if I missed a beat on something, e.g., traffic): 
• west loop target
• west loop walkability. Trails.
• other neighborhoods, old town? Ideally 20 mins or less to the office 
• safety, safety, safety
• beach scene 
• car being additive as a west loop resident 

","['Loop', 'Lincoln Park', 'Lakeview', 'West Loop']",[],0,Negative/Fear,0.604,9,2025,False,Female Perspective
Woman robbed at gunpoint in Ravenswood near Damen Brown Line station,,chicago,43,1404921015.0,30,https://reddit.com/r/chicago/comments/2a8wnt/woman_robbed_at_gunpoint_in_ravenswood_near_damen/,Woman robbed at gunpoint in Ravenswood near Damen Brown Line station ,['Ravenswood'],[],0,Negative/Fear,0.71,15,2014,False,Female Perspective
Is Montrose &amp; Broadway safe for solo woman in general/ walking dog at night?,Solo woman and my dog found a place at Broadway and Montrose. I really like it but have heard some things about the Wilson redline stop. Just want to be realistic on safety when walking my dog at night. First timer to Uptown and like a lot about it. Any advice on the area would be appreciated!,AskChicago,0,1763685046.0,8,https://reddit.com/r/AskChicago/comments/1p2k59t/is_montrose_broadway_safe_for_solo_woman_in/,Is Montrose &amp; Broadway safe for solo woman in general/ walking dog at night? Solo woman and my dog found a place at Broadway and Montrose. I really like it but have heard some things about the Wilson redline stop. Just want to be realistic on safety when walking my dog at night. First timer to Uptown and like a lot about it. Any advice on the area would be appreciated!,['Uptown'],[],0,Positive/Reassuring,0.82,0,2025,True,Female Perspective
What are some inexpensive places to visit that a 9 year old girl will enjoy?,"I'm visiting Chicago from the UK next month, my daughter is 9 and really wanted to come to America, but specifically didn't want to go to New York. I've visited Chicago a couple of times and really enjoyed just being there, so I suggested a visit to Chicago, and she's really looking forward to it.

She saw a YouTube short about some sort of slime place, and is most insistent that we do that, and that's going to cost me 60 bucks for probably an hour's fun. She wants to eat a hot dog and some pizza, and she loved the Garrett's popcorn that I brough back so wants to go there too.

So you see, everything is costing me.

I'm arriving on a Sunday night, got Monday and Tuesday all day (with a visit to the slime place Tues morning), and we're leaving to go back to O'Hare on Wednesday at about 4pm. 

I reckon she'd enjoy spending a bit of time on Navy Pier, and I know that'll end up costing me too. Not sure about the zoo, I'd rather spend time doing something I can't do at home. 

I'm just wondering what else she might find interesting, and most importantly that will keep her out of American Girl! Doesn't have to be free, but I'd rather not spend a thousand bucks on this trip.

We're staying near Grand on the Red Line. Happy to use the L or walk about a bit to get to places.

Aside from finding pizza, a hot dog, and for me an Italian beef, are there any other spots where we could eat? If I can have a nice beer at the same time even better. Any suggestions for breakfast in my part of Chicago or the loop?",AskChicago,17,1745492207.0,77,https://reddit.com/r/AskChicago/comments/1k6palb/what_are_some_inexpensive_places_to_visit_that_a/,"What are some inexpensive places to visit that a 9 year old girl will enjoy? I'm visiting Chicago from the UK next month, my daughter is 9 and really wanted to come to America, but specifically didn't want to go to New York. I've visited Chicago a couple of times and really enjoyed just being there, so I suggested a visit to Chicago, and she's really looking forward to it.

She saw a YouTube short about some sort of slime place, and is most insistent that we do that, and that's going to cost me 60 bucks for probably an hour's fun. She wants to eat a hot dog and some pizza, and she loved the Garrett's popcorn that I brough back so wants to go there too.

So you see, everything is costing me.

I'm arriving on a Sunday night, got Monday and Tuesday all day (with a visit to the slime place Tues morning), and we're leaving to go back to O'Hare on Wednesday at about 4pm. 

I reckon she'd enjoy spending a bit of time on Navy Pier, and I know that'll end up costing me too. Not sure about the zoo, I'd rather spend time doing something I can't do at home. 

I'm just wondering what else she might find interesting, and most importantly that will keep her out of American Girl! Doesn't have to be free, but I'd rather not spend a thousand bucks on this trip.

We're staying near Grand on the Red Line. Happy to use the L or walk about a bit to get to places.

Aside from finding pizza, a hot dog, and for me an Italian beef, are there any other spots where we could eat? If I can have a nice beer at the same time even better. Any suggestions for breakfast in my part of Chicago or the loop?","['Loop', 'Navy Pier']",[],0,Positive/Reassuring,0.93,10,2025,False,Female Perspective
How is Avondale east of i90/94?,"My wife and I are about to sign a lease on a place near Elston and Belmont in the northeast corner of Avondale but neither of us has spent any time there or know much about the area. Is the area family friendly, safe, or walkable? We have an 8 month old baby, are coming from Old Town, and aware that few neighborhoods in Chicago will be as walkable.

Specifically, how safe is the stretch of Belmont between Elston and Kimball and is it safe to walk late at night coming home from the blue line?

Edit: spelling",AskChicago,0,1769396971.0,22,https://reddit.com/r/AskChicago/comments/1qn4c7n/how_is_avondale_east_of_i9094/,"How is Avondale east of i90/94? My wife and I are about to sign a lease on a place near Elston and Belmont in the northeast corner of Avondale but neither of us has spent any time there or know much about the area. Is the area family friendly, safe, or walkable? We have an 8 month old baby, are coming from Old Town, and aware that few neighborhoods in Chicago will be as walkable.

Specifically, how safe is the stretch of Belmont between Elston and Kimball and is it safe to walk late at night coming home from the blue line?

Edit: spelling",['Avondale'],[],0,Neutral/Concern,0.726,3,2026,True,Female Perspective
Help Find This Hidden Chicago Airbnb Studio from 2019/Early 2020 – Want to Recreate Magic Moment?,"Hey Chicago Redditors (or Airbnb pros!),
This might be a total long shot and probably a lost cause, but I’m desperately trying to track down an Airbnb I stayed in with my boyfriend back in late 2019 or very early 2020. It was our first big trip together, and the place was so quirky and memorable that we’d do anything to find it again to celebrate over 6 years together. Unfortunately, I don’t have access to old receipts, emails, or my old Airbnb account anymore After scouring the site myself, I don’t think it’s listed these days. If anyone remembers hosting something like this, or stayed in a similar spot, or even knows how to dig deeper into Airbnb archives, please help a girl out!
Here’s everything I can remember about the place:
•  Location: About 15-20 minutes from downtown Chicago (by car or L train).It was in an unmarked building accessed through an alley—super hidden gem vibe. Outside was either brick or cement block. Right down the street was a CVS or Walgreens in a strip mall/plaza. High security and there was another place with ATMS located right inside 2 glass doors. 
•  Layout: It was a studio-style apartment, no separate bedrooms. Everything was open: a small couch right next to the bunk beds, a nice kitchen table for meals, and the bathroom was the first thing you saw when you walked in the front door (right at the entrance).
•  Sleeping Setup: King or queen-sized bunk beds built right against a full wall of windows overlooking the downtown skyline—waking up to those city lights was unreal! There was a small TV mounted on or near the bottom bunk for lazy viewing.
•  Bathroom Details: Fancy wall-mounted soap dispenser in the shower (like hotel-style, not the usual pump bottles).
We ate at Nico Osteria (1015 N Rush St in Gold Coast) one night, which was about 15-20 minutes away—
If this rings any bells, or you have tips on how to search old listings (without account access), I’d be eternally grateful. We’re planning a surprise trip back to Chicago to relive it all—fingers crossed this isn’t impossible! Thanks in advance for any leads or ideas. ❤️
",AskChicago,5,1761185578.0,8,https://reddit.com/r/AskChicago/comments/1odrecr/help_find_this_hidden_chicago_airbnb_studio_from/,"Help Find This Hidden Chicago Airbnb Studio from 2019/Early 2020 – Want to Recreate Magic Moment? Hey Chicago Redditors (or Airbnb pros!),
This might be a total long shot and probably a lost cause, but I’m desperately trying to track down an Airbnb I stayed in with my boyfriend back in late 2019 or very early 2020. It was our first big trip together, and the place was so quirky and memorable that we’d do anything to find it again to celebrate over 6 years together. Unfortunately, I don’t have access to old receipts, emails, or my old Airbnb account anymore After scouring the site myself, I don’t think it’s listed these days. If anyone remembers hosting something like this, or stayed in a similar spot, or even knows how to dig deeper into Airbnb archives, please help a girl out!
Here’s everything I can remember about the place:
•  Location: About 15-20 minutes from downtown Chicago (by car or L train).It was in an unmarked building accessed through an alley—super hidden gem vibe. Outside was either brick or cement block. Right down the street was a CVS or Walgreens in a strip mall/plaza. High security and there was another place with ATMS located right inside 2 glass doors. 
•  Layout: It was a studio-style apartment, no separate bedrooms. Everything was open: a small couch right next to the bunk beds, a nice kitchen table for meals, and the bathroom was the first thing you saw when you walked in the front door (right at the entrance).
•  Sleeping Setup: King or queen-sized bunk beds built right against a full wall of windows overlooking the downtown skyline—waking up to those city lights was unreal! There was a small TV mounted on or near the bottom bunk for lazy viewing.
•  Bathroom Details: Fancy wall-mounted soap dispenser in the shower (like hotel-style, not the usual pump bottles).
We ate at Nico Osteria (1015 N Rush St in Gold Coast) one night, which was about 15-20 minutes away—
If this rings any bells, or you have tips on how to search old listings (without account access), I’d be eternally grateful. We’re planning a surprise trip back to Chicago to relive it all—fingers crossed this isn’t impossible! Thanks in advance for any leads or ideas. ❤️
",['Gold Coast'],[],0,Positive/Reassuring,0.527,2,2025,True,Female Perspective
Is Kimball Ave a recommended area to stay in?,"
Hi, I know Chicagoans hate when people ask if places are safe but I searched the internet for answers and got mixed results/no results. I’m a black female (18) and this will be my first ever solo trip. I’m from a city that is generally safe and small, safe enough to where I can walk around the town at night with my headphones on lol. 

That being said I reserved an apartment that has no reviews due to it being new to the site, but I decided to give it a chance because it looked nice and is relatively cheap. Took me awhile to get to my question sorry but I’m just wondering if Kimball ave (cross street is W Wabansia Ave..) is a safe area? I did a little street view peek and it did look a little rough but, I don’t wanna judge a book by its cover and I’m just wondering if any locals know anything about it. It’s also nearby Humboldt park (see mix reviews on that), and Logan Square?.. I don’t know man. Thank you if you respond !



(Also a little extra excerpt if you care, I don’t drive yet and this place is about a 2 hour walk away from millennium park and all the Chicago goodies (and I do like a good walk), and about 50 minutes on a ride taking 2 different buses. Thinking I should maybe get over my germaphobia and stay at a hostel nearby 🤷‍♀️)",AskChicago,0,1740005838.0,35,https://reddit.com/r/AskChicago/comments/1itjabi/is_kimball_ave_a_recommended_area_to_stay_in/,"Is Kimball Ave a recommended area to stay in? 
Hi, I know Chicagoans hate when people ask if places are safe but I searched the internet for answers and got mixed results/no results. I’m a black female (18) and this will be my first ever solo trip. I’m from a city that is generally safe and small, safe enough to where I can walk around the town at night with my headphones on lol. 

That being said I reserved an apartment that has no reviews due to it being new to the site, but I decided to give it a chance because it looked nice and is relatively cheap. Took me awhile to get to my question sorry but I’m just wondering if Kimball ave (cross street is W Wabansia Ave..) is a safe area? I did a little street view peek and it did look a little rough but, I don’t wanna judge a book by its cover and I’m just wondering if any locals know anything about it. It’s also nearby Humboldt park (see mix reviews on that), and Logan Square?.. I don’t know man. Thank you if you respond !



(Also a little extra excerpt if you care, I don’t drive yet and this place is about a 2 hour walk away from millennium park and all the Chicago goodies (and I do like a good walk), and about 50 minutes on a ride taking 2 different buses. Thinking I should maybe get over my germaphobia and stay at a hostel nearby 🤷‍♀️)","['Logan Square', 'Humboldt Park', 'Millennium Park']",[],0,Neutral/Concern,0.518,22,2025,True,Female Perspective
Apartments for young working professionals?,"hi everyone! i'm a 23 year old girl, and may be moving to chicago relatively soon for work. unfortunately, i dont know anyone in the city as i'm moving from california- and was just wondering which areas would be best to meet new people (im single, idk if that matters), mingle with likeminded professionals, and overall build a good network of friends outside of work. 

i will not be bringing my car, and am specifically looking within the river north/west loop areas (but im open to anything!). my office is located in west loop- and the reason i want to be near there, is because i would like to walk to work (or take the train if i absolutely have to) if possible. i'm looking for a 1 bed 1 bath apartment (not studio preferably). my budget is around $2k - i'm not sure if this is completely unrealistic, but of course i'd be willing to go higher if absolutely necessary. 

not sure if this is relevant, but might give you an idea about me/what i enjoy doing with friends in my free time i like: 

\- taking walks with friends + coffee/matcha runs

\- trying new workout classes

\- grabbing a drink in a nice outdoor area

\- finding new brunch spots

\- rooftop bars! and i love a good night out

\- essentially, would love to try new things! i'm completely open and spontaneous :)

  
so if anyone has any ideas for any apartment complexes/buildings/areas i should look into (even if its not river north/west loop) please let me know! would love to hear everyone's input. i really want to meet new people and find that one 'friend group' eventually haha. 

  
thank you!!",AskChicago,0,1752592968.0,18,https://reddit.com/r/AskChicago/comments/1m0knpf/apartments_for_young_working_professionals/,"Apartments for young working professionals? hi everyone! i'm a 23 year old girl, and may be moving to chicago relatively soon for work. unfortunately, i dont know anyone in the city as i'm moving from california- and was just wondering which areas would be best to meet new people (im single, idk if that matters), mingle with likeminded professionals, and overall build a good network of friends outside of work. 

i will not be bringing my car, and am specifically looking within the river north/west loop areas (but im open to anything!). my office is located in west loop- and the reason i want to be near there, is because i would like to walk to work (or take the train if i absolutely have to) if possible. i'm looking for a 1 bed 1 bath apartment (not studio preferably). my budget is around $2k - i'm not sure if this is completely unrealistic, but of course i'd be willing to go higher if absolutely necessary. 

not sure if this is relevant, but might give you an idea about me/what i enjoy doing with friends in my free time i like: 

\- taking walks with friends + coffee/matcha runs

\- trying new workout classes

\- grabbing a drink in a nice outdoor area

\- finding new brunch spots

\- rooftop bars! and i love a good night out

\- essentially, would love to try new things! i'm completely open and spontaneous :)

  
so if anyone has any ideas for any apartment complexes/buildings/areas i should look into (even if its not river north/west loop) please let me know! would love to hear everyone's input. i really want to meet new people and find that one 'friend group' eventually haha. 

  
thank you!!","['Loop', 'River North', 'West Loop']",[],0,Neutral/Concern,0.514,15,2025,False,Female Perspective
Looking to buy a house in the Ukrainian Village area. How is it in terms of safety?,"We are looking to buy a house a couple blocks east of the Marianos on Chicago Ave. My only concern is that my friend used to live there a few years ago and mentioned increased gang/violent activity/crime. She walked to her car parked on the street and there were bullet holes in her car…Has this changed since? We are looking to start a family soon too, so that is my only hesitation with that area. Would appreciate anyone’s input, especially if you live in that area.

Edit: i am specifically referring to that stretch on Chicago Ave (which isn’t necessarily in the heart of UV) I’m aware not every neighborhood is going to be 100% safe, but I remember reading about an uptick of crime a few years ago in that area, so curious if that was still the case. Sounds like we should be good, thanks all",AskChicago,0,1771340443.0,20,https://reddit.com/r/AskChicago/comments/1r78a1g/looking_to_buy_a_house_in_the_ukrainian_village/,"Looking to buy a house in the Ukrainian Village area. How is it in terms of safety? We are looking to buy a house a couple blocks east of the Marianos on Chicago Ave. My only concern is that my friend used to live there a few years ago and mentioned increased gang/violent activity/crime. She walked to her car parked on the street and there were bullet holes in her car…Has this changed since? We are looking to start a family soon too, so that is my only hesitation with that area. Would appreciate anyone’s input, especially if you live in that area.

Edit: i am specifically referring to that stretch on Chicago Ave (which isn’t necessarily in the heart of UV) I’m aware not every neighborhood is going to be 100% safe, but I remember reading about an uptick of crime a few years ago in that area, so curious if that was still the case. Sounds like we should be good, thanks all",['Ukrainian Village'],[],0,Negative/Fear,0.522,15,2026,False,Female Perspective
Places to Visit in Chicago for the First Time on a Budget?,"Hi Everyone! I am visiting the Windy City for the first time this Friday night to see my long distance girlfriend for the first time. I’ll be staying at her place until early Tuesday morning, so my main expenses will be airfare, public transportation/rideshares, and food/activities. 

I’m a college student on a tight budget (around $300 for the trip, though I have a credit card for backup). I want to explore the city with her but don’t have a solid plan yet. Here’s what I’m considering:

1. Walk the Magnificent Mile and visit stores along the way (edit 2: You can tell i’m not a native… Did not realize that Michigan Ave was the Magnificent Mile..)
2. See Buckingham Fountain and the Wrigley Building
3. See the Art Institute of Chicago
4. See the Chicago Tribune building
5. Do the Hancock Tower tilt experience
6. See Sears Tower
7. Try classic Chicago food (Portillo’s Hot Dogs, Velvet Taco, (edit 3: I mentioned Velvet Taco because my gf said it was really good and went back to back, so wanted to see if it was good myself. Thought it was a Chicago staple, but looks like they’re everywhere, lol.) or some good Chicago Pizza since I’ve never had it before.)
8. Find an affordable but good spot for a nice date with my lady. (edit 1: took fine dining out because that isn’t a dealbreaker for me. As long as the vibe is nice, that’s fine with me).

Any advice or tips? Are there any must-try restaurants/must-see places that are unique but budget friendly? Also, would love any suggestions for cool, cheap, or free things to do! If there’s free events or free things to do around the city this weekend, that would be great!
",AskChicago,0,1741673945.0,31,https://reddit.com/r/AskChicago/comments/1j8kd6j/places_to_visit_in_chicago_for_the_first_time_on/,"Places to Visit in Chicago for the First Time on a Budget? Hi Everyone! I am visiting the Windy City for the first time this Friday night to see my long distance girlfriend for the first time. I’ll be staying at her place until early Tuesday morning, so my main expenses will be airfare, public transportation/rideshares, and food/activities. 

I’m a college student on a tight budget (around $300 for the trip, though I have a credit card for backup). I want to explore the city with her but don’t have a solid plan yet. Here’s what I’m considering:

1. Walk the Magnificent Mile and visit stores along the way (edit 2: You can tell i’m not a native… Did not realize that Michigan Ave was the Magnificent Mile..)
2. See Buckingham Fountain and the Wrigley Building
3. See the Art Institute of Chicago
4. See the Chicago Tribune building
5. Do the Hancock Tower tilt experience
6. See Sears Tower
7. Try classic Chicago food (Portillo’s Hot Dogs, Velvet Taco, (edit 3: I mentioned Velvet Taco because my gf said it was really good and went back to back, so wanted to see if it was good myself. Thought it was a Chicago staple, but looks like they’re everywhere, lol.) or some good Chicago Pizza since I’ve never had it before.)
8. Find an affordable but good spot for a nice date with my lady. (edit 1: took fine dining out because that isn’t a dealbreaker for me. As long as the vibe is nice, that’s fine with me).

Any advice or tips? Are there any must-try restaurants/must-see places that are unique but budget friendly? Also, would love any suggestions for cool, cheap, or free things to do! If there’s free events or free things to do around the city this weekend, that would be great!
",['Magnificent Mile'],[],0,Neutral/Concern,0.598,6,2025,False,Female Perspective
How does my 2 day itinerary look?,"My spouse and I will be taking our first trip with our almost 6 month old to your city for 2 full days. We arrive late Friday night and depart Monday afternoon and will be staying at the Hyatt Regency Chicago. Please let me know if my itinerary sounds doable. I am welcome to any feedback and suggestions. 

**Saturday**

8:30am     Take bus to pick up breakfast at Hero       
                   
                  Coffee and Bagel Bar

9:00am     Have breakfast on the go and stop at 
                   
                  Millennium Park on the walk back to
                   
                   the hotel

10:00am    Nap break for daughter while we get 
                   
                   ready for the day

11:30am    Walk to Mindworks: The Science of
                   
                   Thinking Museum

12:30pm    Walk to either Poke Poke or
                    
                   Mammoth Poke for lunch 

2:00pm      Take bus to Lincoln Park Zoo

4:30pm      Walk or take bus to Pequod’s or Small
                    
                    Cheval for dinner

6:00pm      Walk from North Avenue Beach to
                    
                    Ohio Street Beach and then back to
                    
                    hotel for the night


**Sunday**

10:00am    Take water taxi to Chinatown for dim
                    
                    sum and exploring

12:30pm    Back to hotel for nap break

2:30pm      Option 1: Explore Wicker Park area
                    
                    Option 2: Griffin Science Museum

6:00pm      Dinner at Fogo De Chao


**Monday**

8:30am      Walk to Schneider Deli for breakfast

9:30am      Riverwalk 

11:45am     Check out of hotel and take the L to
                    
                   MDW for 3:25pm flight 


",AskChicago,0,1755358935.0,27,https://reddit.com/r/AskChicago/comments/1mryts7/how_does_my_2_day_itinerary_look/,"How does my 2 day itinerary look? My spouse and I will be taking our first trip with our almost 6 month old to your city for 2 full days. We arrive late Friday night and depart Monday afternoon and will be staying at the Hyatt Regency Chicago. Please let me know if my itinerary sounds doable. I am welcome to any feedback and suggestions. 

**Saturday**

8:30am     Take bus to pick up breakfast at Hero       
                   
                  Coffee and Bagel Bar

9:00am     Have breakfast on the go and stop at 
                   
                  Millennium Park on the walk back to
                   
                   the hotel

10:00am    Nap break for daughter while we get 
                   
                   ready for the day

11:30am    Walk to Mindworks: The Science of
                   
                   Thinking Museum

12:30pm    Walk to either Poke Poke or
                    
                   Mammoth Poke for lunch 

2:00pm      Take bus to Lincoln Park Zoo

4:30pm      Walk or take bus to Pequod’s or Small
                    
                    Cheval for dinner

6:00pm      Walk from North Avenue Beach to
                    
                    Ohio Street Beach and then back to
                    
                    hotel for the night


**Sunday**

10:00am    Take water taxi to Chinatown for dim
                    
                    sum and exploring

12:30pm    Back to hotel for nap break

2:30pm      Option 1: Explore Wicker Park area
                    
                    Option 2: Griffin Science Museum

6:00pm      Dinner at Fogo De Chao


**Monday**

8:30am      Walk to Schneider Deli for breakfast

9:30am      Riverwalk 

11:45am     Check out of hotel and take the L to
                    
                   MDW for 3:25pm flight 


","['Lincoln Park', 'Wicker Park', 'Millennium Park', 'Chinatown']",[],0,Positive/Reassuring,0.632,15,2025,False,Female Perspective
First time visitors ,"My girlfriend and I are going to Chicago for the first time. Late 20’s couple. We are looking for suggestions to round out our travel plans. We know that might be raining but we like rain! Given the fact that LA doesn’t get much rain. I took a lot of time to see what you guys recommended in other threads. We have worked on an itinerary that includes the following: 

We are staying off of Wacker Street practically right on the Chicago River for reference. 

Itinerary: 
May 12-16th
Sunday: 
check out the bean, and the river walk, 
River Tour - 4:30pm
Evening - Willis tower 7:30pm

Dinner:  1. Eataly 2. Frontera Grill  3. Tanta Chicago  4. Portillos 5. XOCO 6. Mr Beef? 

Drinks: 1. Green Door Tavern 2. HQ Beercade 3. Howl at the Moon
—————————————————————————

Monday: Morning: Art Institute of Chicago, walk to buckingham, lake front trail. 

Lunch: 1. Cafecito  2.  Millers Pub 3. Jimmy’s Gyro

Afternoon go to Logan Square

Dinner: 1. Paulie Gee’s Pizza 2. Jibaritos 3. Federales Logan 4. Logan 11 Bar and Kitchen 5. El Cid 6. Red Hot Ranch

Drinks: 1. The Owl 2. The Native 3. Emporium Arcade Bar
—————————————————————————
Tuesday: 
Breakfast: 1. Land and Lake Kitchen 2. Eggy’s Diner
360 Chicago

Lunch: Need lunch suggestions for lunch around or near 360 Chicago - Or we eat in Wicker Park for lunch.

Later Afternoon: 606 trial and wicker park exploration

Dinner: 1. Etta 2. Devil Dawg’s 3. Lucia’s 4. Tortello 5. Irazu 6. Big Star 
So many fucking choices for food! 7. Phodega? 8. Amaru

Drinks: 1. Royal Palms 2. The Up Room 3. Estelle’s Cafe 
—————————————————————————
Wednesday: 

Open to ideas for Wednesday. 

Chinatown - 1. Minghin Cuisine 
Check out the Gold Coast
Early Dinner at: Twin Anchors
Second City Show*** subject to change
Drinks @ Old Town Ale House
Maybe we get a  late-night slice at Pequods? 



Thursday
Need suggestions for Thursday, we fly out from O’hare at 7pm. ",AskChicago,1,1715227784.0,12,https://reddit.com/r/AskChicago/comments/1cnocdv/first_time_visitors/,"First time visitors  My girlfriend and I are going to Chicago for the first time. Late 20’s couple. We are looking for suggestions to round out our travel plans. We know that might be raining but we like rain! Given the fact that LA doesn’t get much rain. I took a lot of time to see what you guys recommended in other threads. We have worked on an itinerary that includes the following: 

We are staying off of Wacker Street practically right on the Chicago River for reference. 

Itinerary: 
May 12-16th
Sunday: 
check out the bean, and the river walk, 
River Tour - 4:30pm
Evening - Willis tower 7:30pm

Dinner:  1. Eataly 2. Frontera Grill  3. Tanta Chicago  4. Portillos 5. XOCO 6. Mr Beef? 

Drinks: 1. Green Door Tavern 2. HQ Beercade 3. Howl at the Moon
—————————————————————————

Monday: Morning: Art Institute of Chicago, walk to buckingham, lake front trail. 

Lunch: 1. Cafecito  2.  Millers Pub 3. Jimmy’s Gyro

Afternoon go to Logan Square

Dinner: 1. Paulie Gee’s Pizza 2. Jibaritos 3. Federales Logan 4. Logan 11 Bar and Kitchen 5. El Cid 6. Red Hot Ranch

Drinks: 1. The Owl 2. The Native 3. Emporium Arcade Bar
—————————————————————————
Tuesday: 
Breakfast: 1. Land and Lake Kitchen 2. Eggy’s Diner
360 Chicago

Lunch: Need lunch suggestions for lunch around or near 360 Chicago - Or we eat in Wicker Park for lunch.

Later Afternoon: 606 trial and wicker park exploration

Dinner: 1. Etta 2. Devil Dawg’s 3. Lucia’s 4. Tortello 5. Irazu 6. Big Star 
So many fucking choices for food! 7. Phodega? 8. Amaru

Drinks: 1. Royal Palms 2. The Up Room 3. Estelle’s Cafe 
—————————————————————————
Wednesday: 

Open to ideas for Wednesday. 

Chinatown - 1. Minghin Cuisine 
Check out the Gold Coast
Early Dinner at: Twin Anchors
Second City Show*** subject to change
Drinks @ Old Town Ale House
Maybe we get a  late-night slice at Pequods? 



Thursday
Need suggestions for Thursday, we fly out from O’hare at 7pm. ","['Gold Coast', 'Wicker Park', 'Logan Square', 'Chinatown']",[],0,Neutral/Concern,0.525,4,2024,False,Female Perspective
What is a good bar/lounge to meet and chat with people midweek?,"I'm overnighting in Chicago on Wednesday and am hoping to find a new (to me) bar or lounge with a chatty, social vibe. My usual spot when I'm in town is Monk's, but I'm looking for a vibe that's a little more cocktail-y, slightly dressy, etc. I'm in my late 30s, so not interested in a scene that's dominated by the &lt;25 crowd. Staying on Mag Mile, so the ideal place is between Old Town and the South Loop. Bonus points for live music that's enough to fill the gaps in conversation but not so much you can't talk without being rude or shouting.

Finding a bar with a good vibe and temporarily connecting with a stranger is one of my favorite things to do when I'm on the road. I think it's good practice for being human :) Some memorable nights include:

* Meeting two ATCs in the skinniest bar in OKC and hearing all about their work
* Walking back to the hotel from Rosh Hashanah services in Seattle, happening upon a dive bar that was doing karaoke, and laying down a couple bangers with the pals I made
* Discovering (at Monk's!) a guy who had attended to the same college at the same time as me. We discovered that we knew some people in common but had never heard of each other.
* Hearing about all eight grandchildren from a woman whose train was delayed at Union Station
* Connecting with a geologist in Stovepipe Wells (Death Valley) as she was meandering across the country with her Aussie Shepherd

Where can I meet the next interesting person? Is the Zebra Lounge a good spot for me? Thanks in advance for the recs!

  
e: After checking out all the recommendations, I think I'm gonna start my evening at Sparrow and go from there. Walking distance makes it appealing, it looks like the kind of thing I'm looking for, and there are plenty of other options nearby if it doesn't pan out. Thanks to everyone who posted!",AskChicago,1,1767712466.0,26,https://reddit.com/r/AskChicago/comments/1q5l8vt/what_is_a_good_barlounge_to_meet_and_chat_with/,"What is a good bar/lounge to meet and chat with people midweek? I'm overnighting in Chicago on Wednesday and am hoping to find a new (to me) bar or lounge with a chatty, social vibe. My usual spot when I'm in town is Monk's, but I'm looking for a vibe that's a little more cocktail-y, slightly dressy, etc. I'm in my late 30s, so not interested in a scene that's dominated by the &lt;25 crowd. Staying on Mag Mile, so the ideal place is between Old Town and the South Loop. Bonus points for live music that's enough to fill the gaps in conversation but not so much you can't talk without being rude or shouting.

Finding a bar with a good vibe and temporarily connecting with a stranger is one of my favorite things to do when I'm on the road. I think it's good practice for being human :) Some memorable nights include:

* Meeting two ATCs in the skinniest bar in OKC and hearing all about their work
* Walking back to the hotel from Rosh Hashanah services in Seattle, happening upon a dive bar that was doing karaoke, and laying down a couple bangers with the pals I made
* Discovering (at Monk's!) a guy who had attended to the same college at the same time as me. We discovered that we knew some people in common but had never heard of each other.
* Hearing about all eight grandchildren from a woman whose train was delayed at Union Station
* Connecting with a geologist in Stovepipe Wells (Death Valley) as she was meandering across the country with her Aussie Shepherd

Where can I meet the next interesting person? Is the Zebra Lounge a good spot for me? Thanks in advance for the recs!

  
e: After checking out all the recommendations, I think I'm gonna start my evening at Sparrow and go from there. Walking distance makes it appealing, it looks like the kind of thing I'm looking for, and there are plenty of other options nearby if it doesn't pan out. Thanks to everyone who posted!","['Loop', 'South Loop']",[],0,Neutral/Concern,0.485,15,2026,False,Female Perspective
Blue Line safety at night,"Hi everyone, 

Hoping to get some non-snarky responses. I live in the city, take the CTA frequently, and have evening plans in Oak Park. Getting there isn’t an issue, but what’s the blue line like headed back into the city like at around midnight, safety-wise? Mostly concerned about the stretch from Austin to Western. Would I be better off just calling an Uber? For reference, I am a small woman who appears to be maybe 18 at oldest. Thanks!

Edit: was not expecting “Uber” to be this overwhelming of an answer! Thanks all for the input, I will be calling a cab home.",chicago,507,1636988946.0,301,https://reddit.com/r/chicago/comments/quiire/blue_line_safety_at_night/,"Blue Line safety at night Hi everyone, 

Hoping to get some non-snarky responses. I live in the city, take the CTA frequently, and have evening plans in Oak Park. Getting there isn’t an issue, but what’s the blue line like headed back into the city like at around midnight, safety-wise? Mostly concerned about the stretch from Austin to Western. Would I be better off just calling an Uber? For reference, I am a small woman who appears to be maybe 18 at oldest. Thanks!

Edit: was not expecting “Uber” to be this overwhelming of an answer! Thanks all for the input, I will be calling a cab home.",['Austin'],[],0,Neutral/Concern,0.542,15,2021,False,Female Perspective
"One day visit on Mag Mile, suggestions &amp; questions?","Me (25F) &amp; my coworker (23F) will be staying in a hotel on the Magnificent Mile tomorrow night &amp; heading to a work event on the south side Saturday afternoon. We will get there around Friday at noon, and want to do the most! She’s never been, and I’ve only been to Chicago twice.

We are driving into the city, then planning to walk or use public transport. We love to shop, thrift, visit cool museums and want to do a fun dinner &amp; go to some cool bars or clubs!

We would love suggestions, especially if there’s any magical Christmas type of things to do or special events this weekend. I know google has suggestions, but I want know what you all really love about your city and check those out!

Also if there’s any other Chicago women who want to hang out, show us around or just a quick meet up we love meeting new people &amp; making friends!! Just message if you want anymore info :)",AskChicago,0,1766089871.0,19,https://reddit.com/r/AskChicago/comments/1pq1cva/one_day_visit_on_mag_mile_suggestions_questions/,"One day visit on Mag Mile, suggestions &amp; questions? Me (25F) &amp; my coworker (23F) will be staying in a hotel on the Magnificent Mile tomorrow night &amp; heading to a work event on the south side Saturday afternoon. We will get there around Friday at noon, and want to do the most! She’s never been, and I’ve only been to Chicago twice.

We are driving into the city, then planning to walk or use public transport. We love to shop, thrift, visit cool museums and want to do a fun dinner &amp; go to some cool bars or clubs!

We would love suggestions, especially if there’s any magical Christmas type of things to do or special events this weekend. I know google has suggestions, but I want know what you all really love about your city and check those out!

Also if there’s any other Chicago women who want to hang out, show us around or just a quick meet up we love meeting new people &amp; making friends!! Just message if you want anymore info :)",['Magnificent Mile'],[],0,Positive/Reassuring,0.95,20,2025,True,Female Perspective
Visiting Chicago for the first time this weekend – what should we do?,"Hey everyone, I’m bringing my girlfriend to Chicago this weekend and neither of us have really been before. We’re getting in Friday and leaving mid-day Sunday.

We’re staying at the Hyatt Centric The Loop. I already made dinner reservations at Bistro Monadnock for Friday night, but outside of that we’re pretty open and would love suggestions. Looking for things that are fun for a first-time visit — food spots, neighborhoods to walk around, bars, live music, museums, views of the city, anything like that.

Open to both touristy must-dos and local favorites, especially stuff that’s easy to get to from the Loop. Appreciate any recommendations on how to make the most of a short weekend. Thanks!",AskChicago,0,1769613444.0,11,https://reddit.com/r/AskChicago/comments/1qpe47z/visiting_chicago_for_the_first_time_this_weekend/,"Visiting Chicago for the first time this weekend – what should we do? Hey everyone, I’m bringing my girlfriend to Chicago this weekend and neither of us have really been before. We’re getting in Friday and leaving mid-day Sunday.

We’re staying at the Hyatt Centric The Loop. I already made dinner reservations at Bistro Monadnock for Friday night, but outside of that we’re pretty open and would love suggestions. Looking for things that are fun for a first-time visit — food spots, neighborhoods to walk around, bars, live music, museums, views of the city, anything like that.

Open to both touristy must-dos and local favorites, especially stuff that’s easy to get to from the Loop. Appreciate any recommendations on how to make the most of a short weekend. Thanks!",['Loop'],[],0,Positive/Reassuring,0.935,15,2026,False,Female Perspective
Visiting 12/26–12/30 — Train vs Uber advice + must-see holiday stuff?,"Hey r/askchicago!

My wife and I will be in town December 26–30, staying on the Magnificent Mile. We’ve only planned two things so far, both concerts  

Waco Brothers at The Hideout on 12/27
The Old 97’s at SPACE in Evanston on 12/29


Everything else is wide open, so I’d love some local advice.

Questions:

For getting to The Hideout and SPACE, would you recommend taking the train/CTA/Metra or just Uber/Lyft, especially late at night and in winter?

What’s something cool or unique we shouldn’t miss while we’re here?

My wife likes Christmas lights and holiday decorations. Are there still any great places to walk around and enjoy the festive vibe after Christmas?

Also, a local friend recommended Pequod’s for deep-dish, which we’re planning to try. Any other must-eat places or hidden gems?

Thanks in advance for the suggestions!

",AskChicago,1,1764258624.0,19,https://reddit.com/r/AskChicago/comments/1p85i7n/visiting_12261230_train_vs_uber_advice_mustsee/,"Visiting 12/26–12/30 — Train vs Uber advice + must-see holiday stuff? Hey r/askchicago!

My wife and I will be in town December 26–30, staying on the Magnificent Mile. We’ve only planned two things so far, both concerts  

Waco Brothers at The Hideout on 12/27
The Old 97’s at SPACE in Evanston on 12/29


Everything else is wide open, so I’d love some local advice.

Questions:

For getting to The Hideout and SPACE, would you recommend taking the train/CTA/Metra or just Uber/Lyft, especially late at night and in winter?

What’s something cool or unique we shouldn’t miss while we’re here?

My wife likes Christmas lights and holiday decorations. Are there still any great places to walk around and enjoy the festive vibe after Christmas?

Also, a local friend recommended Pequod’s for deep-dish, which we’re planning to try. Any other must-eat places or hidden gems?

Thanks in advance for the suggestions!

",['Magnificent Mile'],[],0,Positive/Reassuring,0.641,15,2025,False,Female Perspective
Possibly Moving to Chicago — Recommend Neighborhoods?,"Hi everyone,

As the title suggests, I’m looking at moving to Chicago (sometime this winter).  It would be me (20s male), my wife (20s), and our small dog.  I’m currently interviewing for a job out in the suburbs (Naperville) and am waiting on a decision for a job in the Loop.  These would both be hybrid positions (at least 3 days per week in office).  Household income grosses $90-100k.  

I’ve looked  at apartments and townhomes online and have been a bit overwhelmed to be honest.  We’d like to keep rent at or below $1800/month but we can go as high as $2000/month.  We’re not too concerned with the higher rent costs because we would get rid of one of our cars and pay off the other which would decrease our monthly transportation expenses by around $650 ($500/month after adjusting for CTA costs).  We’re coming from an area where you need a car to live essentially.  

What are some of your favorite north side neighborhoods that are affordable, walkable, and safe?  Family-friendly is also a plus (we’re planning on starting to try to have kids in the next 2-3 years).  Why are they your favorite neighborhoods?  Pros/cons?  Political/social leanings of neighborhoods?

Also, we’re traveling to Chicago next week to spend a week in the city and get a feel so we’ll be able to visit any areas you mention/recommend.

Thank you all!",AskChicago,0,1729264364.0,23,https://reddit.com/r/AskChicago/comments/1g6kes0/possibly_moving_to_chicago_recommend_neighborhoods/,"Possibly Moving to Chicago — Recommend Neighborhoods? Hi everyone,

As the title suggests, I’m looking at moving to Chicago (sometime this winter).  It would be me (20s male), my wife (20s), and our small dog.  I’m currently interviewing for a job out in the suburbs (Naperville) and am waiting on a decision for a job in the Loop.  These would both be hybrid positions (at least 3 days per week in office).  Household income grosses $90-100k.  

I’ve looked  at apartments and townhomes online and have been a bit overwhelmed to be honest.  We’d like to keep rent at or below $1800/month but we can go as high as $2000/month.  We’re not too concerned with the higher rent costs because we would get rid of one of our cars and pay off the other which would decrease our monthly transportation expenses by around $650 ($500/month after adjusting for CTA costs).  We’re coming from an area where you need a car to live essentially.  

What are some of your favorite north side neighborhoods that are affordable, walkable, and safe?  Family-friendly is also a plus (we’re planning on starting to try to have kids in the next 2-3 years).  Why are they your favorite neighborhoods?  Pros/cons?  Political/social leanings of neighborhoods?

Also, we’re traveling to Chicago next week to spend a week in the city and get a feel so we’ll be able to visit any areas you mention/recommend.

Thank you all!",['Loop'],[],0,Neutral/Concern,0.796,15,2024,False,Female Perspective
Solo work trip to Chicago (first time) with 2 days free to explore - what should I do/see?,"Hi everyone, 

I am travelling from Europe to Chicago for a work conference in a couple weeks and it will be my first time in the area. 

I am staying near O’Hara (Rosemont area) because it’s near the conference location but I do have 1.5-2 days of free time before hand to explore and would love to hear what you think I should do. For context, I am a woman and will be travelling solo. 

I am keen to do the river architecture trip as everyone seems to rave about it and I do love to photograph buildings. I also love visiting book shops and nice cafes with good coffee and matcha (if they have great baked goods even better). 

Because I have limited time to explore I guess my main questions are: 
- What is, in your opinion, the best/safest way to travel into the city from Rosemont? 
- I’d be quite keen to visit a specific shop which is in Wicker Park (N Damen) - what else should I do around that area? 
- Any top coffee shop/bookshop recs? 
- Anything I absolutely shouldn’t skip? 
- Anything best avoided? 
- If you had to recommend a single food item I should try in the area what would that be (and where is the best spot to get it)? 

Thanks in advance! 
",AskChicago,3,1757145971.0,25,https://reddit.com/r/AskChicago/comments/1n9tzou/solo_work_trip_to_chicago_first_time_with_2_days/,"Solo work trip to Chicago (first time) with 2 days free to explore - what should I do/see? Hi everyone, 

I am travelling from Europe to Chicago for a work conference in a couple weeks and it will be my first time in the area. 

I am staying near O’Hara (Rosemont area) because it’s near the conference location but I do have 1.5-2 days of free time before hand to explore and would love to hear what you think I should do. For context, I am a woman and will be travelling solo. 

I am keen to do the river architecture trip as everyone seems to rave about it and I do love to photograph buildings. I also love visiting book shops and nice cafes with good coffee and matcha (if they have great baked goods even better). 

Because I have limited time to explore I guess my main questions are: 
- What is, in your opinion, the best/safest way to travel into the city from Rosemont? 
- I’d be quite keen to visit a specific shop which is in Wicker Park (N Damen) - what else should I do around that area? 
- Any top coffee shop/bookshop recs? 
- Anything I absolutely shouldn’t skip? 
- Anything best avoided? 
- If you had to recommend a single food item I should try in the area what would that be (and where is the best spot to get it)? 

Thanks in advance! 
",['Wicker Park'],[],0,Positive/Reassuring,0.701,8,2025,False,Female Perspective
border between little village and pilsen?,"hey yall i am unfortunately here with an annoying “is this neighborhood safe to live in” question. me (20f) and my roommate are looking at apartments in pilsen/pilsen area and found a reasonably priced place on 24th and western (two blocks away from IJLA charter high school). from my understanding of google maps that’s like basically the border of pilsen and little village. i’m not new to chicago but i have never been to little village at night and was wondering what it would look like for a young, smaller woman. i know the basic rules: don’t take public transit late at night, mind your business, pay attention to your surroundings, etc. but am wondering if that specific area is a safe place to live in! i guess im more concerned with how negatively some people speak about little village and then how positively they speak on pilsen. i also understand pilsen has become/is becoming a gentrified neighborhood and that plays a part in it. just wanted some input from young women who live in the area or anyone with advice! 
btw: i like little village and enjoy downing some tacos there. the parts ive seen are an incredibly hard working neighborhood with a real sense of community. ",AskChicago,0,1751333883.0,10,https://reddit.com/r/AskChicago/comments/1lopclw/border_between_little_village_and_pilsen/,"border between little village and pilsen? hey yall i am unfortunately here with an annoying “is this neighborhood safe to live in” question. me (20f) and my roommate are looking at apartments in pilsen/pilsen area and found a reasonably priced place on 24th and western (two blocks away from IJLA charter high school). from my understanding of google maps that’s like basically the border of pilsen and little village. i’m not new to chicago but i have never been to little village at night and was wondering what it would look like for a young, smaller woman. i know the basic rules: don’t take public transit late at night, mind your business, pay attention to your surroundings, etc. but am wondering if that specific area is a safe place to live in! i guess im more concerned with how negatively some people speak about little village and then how positively they speak on pilsen. i also understand pilsen has become/is becoming a gentrified neighborhood and that plays a part in it. just wanted some input from young women who live in the area or anyone with advice! 
btw: i like little village and enjoy downing some tacos there. the parts ive seen are an incredibly hard working neighborhood with a real sense of community. ","['Pilsen', 'Little Village']",[],0,Neutral/Concern,0.453,1,2025,True,Female Perspective
Neighborhoods for singles in their 30's?,"As much fun as I've had in Austin, TX. I'm ready for my next chapter! I'm a 34 y/o woman, with a dog. I'm looking for advice, suggestions, and thoughts on all things Chicago.

As far as neighborhoods, North Center and Lincoln Park seem great! But, are there dog parks in those areas?

I need walkable and safe.

I love some nightlife. But, I also have an appreciation for culture.

And where are the cute, single men?

I'm looking forward to making your city my home!",AskChicago,0,1726418003.0,24,https://reddit.com/r/AskChicago/comments/1fhgput/neighborhoods_for_singles_in_their_30s/,"Neighborhoods for singles in their 30's? As much fun as I've had in Austin, TX. I'm ready for my next chapter! I'm a 34 y/o woman, with a dog. I'm looking for advice, suggestions, and thoughts on all things Chicago.

As far as neighborhoods, North Center and Lincoln Park seem great! But, are there dog parks in those areas?

I need walkable and safe.

I love some nightlife. But, I also have an appreciation for culture.

And where are the cute, single men?

I'm looking forward to making your city my home!","['Lincoln Park', 'North Center', 'Austin']",[],0,Positive/Reassuring,0.952,16,2024,False,Female Perspective
"Moving from the Bay Area, location recs?","Planning to move to Chicago from California for work and looking for some locations recommendations in Chicago and even open to bordering towns. I’ll be working in the Fulton market area.

we are both in our mid 30’s. No kids yet but we do have a dog. My desire is to find a SFH with a yard or perhaps a townhome with a shared yard area.  A garage is a definite must have as I’m pretty big on personal projects (woodworking + cars). My wife is really into gardening/plants and cooking. We’re both pretty big homebodies but do like to venture into the city from time to time. Decent proximity to grocery stores(bonus points for Asian grocery stores) and big box stores (Costco, target, etc) would be awesome.

From rough research seems like we’d want to look into the western burbs or north&amp; northwest burbs.  My wife did express we should consider living closer than further from the city atleast for our first years there to better explore the city. I personally could care less for living in the city (lived in SF AND NY) but want to make sure her thoughts are atleast explored. 

Ideally my max door to door commute time would be 1 hour.  She is taking advantage of the situation to take some career time off, so just need to worry about my commute time for now

Budget: ~$4000 ideally… could be some wiggle room to go higher if we really love the place/area. Also wouldn’t mind paying less thank 4k ;)

Thanks in advance!

",AskChicago,0,1746496646.0,29,https://reddit.com/r/AskChicago/comments/1kft808/moving_from_the_bay_area_location_recs/,"Moving from the Bay Area, location recs? Planning to move to Chicago from California for work and looking for some locations recommendations in Chicago and even open to bordering towns. I’ll be working in the Fulton market area.

we are both in our mid 30’s. No kids yet but we do have a dog. My desire is to find a SFH with a yard or perhaps a townhome with a shared yard area.  A garage is a definite must have as I’m pretty big on personal projects (woodworking + cars). My wife is really into gardening/plants and cooking. We’re both pretty big homebodies but do like to venture into the city from time to time. Decent proximity to grocery stores(bonus points for Asian grocery stores) and big box stores (Costco, target, etc) would be awesome.

From rough research seems like we’d want to look into the western burbs or north&amp; northwest burbs.  My wife did express we should consider living closer than further from the city atleast for our first years there to better explore the city. I personally could care less for living in the city (lived in SF AND NY) but want to make sure her thoughts are atleast explored. 

Ideally my max door to door commute time would be 1 hour.  She is taking advantage of the situation to take some career time off, so just need to worry about my commute time for now

Budget: ~$4000 ideally… could be some wiggle room to go higher if we really love the place/area. Also wouldn’t mind paying less thank 4k ;)

Thanks in advance!

",['Fulton Market'],[],0,Positive/Reassuring,0.86,1,2025,True,Female Perspective
Best Walking Areas,"Hey all,

Moving to the city this winter. Does anyone go on long daily walks in their city neighborhood? If yes, where / do you feel safe? 

I’m thinking of the below neighborhoods but not sure if they’re good for daily strolls. Also note I’m a petite late 20s female.

River North, Lakeshore East, Lincoln Park, Old Town, Wicker Park, West Loop

Coming from California surburb where I can walk everyday, anywhere at any time. 

Thank you! :)",AskChicago,16,1668019156.0,56,https://reddit.com/r/AskChicago/comments/yqrhe5/best_walking_areas/,"Best Walking Areas Hey all,

Moving to the city this winter. Does anyone go on long daily walks in their city neighborhood? If yes, where / do you feel safe? 

I’m thinking of the below neighborhoods but not sure if they’re good for daily strolls. Also note I’m a petite late 20s female.

River North, Lakeshore East, Lincoln Park, Old Town, Wicker Park, West Loop

Coming from California surburb where I can walk everyday, anywhere at any time. 

Thank you! :)","['Loop', 'River North', 'Lincoln Park', 'Wicker Park', 'West Loop']",[],0,Positive/Reassuring,0.898,18,2022,False,Female Perspective
Ukrainian Village or Andersonville/Uptown?,"My wife and I are looking buy a condo and move to Chicago from Michigan. 

We have seen two places we like a lot, one just south of Andersonville, kind of near Argyle and Clark. And one in Ukrainian Village near Western and Chicago. 

Just trying to get a feel for what we might expect in each neighborhood. 

We are in our early 30’s, no kids and don’t plan to have any, looking for a walkable, comparably safe, neighborhood with lots of bars, restaurants, coffee, etc.",AskChicago,2,1688903183.0,40,https://reddit.com/r/AskChicago/comments/14uwkmv/ukrainian_village_or_andersonvilleuptown/,"Ukrainian Village or Andersonville/Uptown? My wife and I are looking buy a condo and move to Chicago from Michigan. 

We have seen two places we like a lot, one just south of Andersonville, kind of near Argyle and Clark. And one in Ukrainian Village near Western and Chicago. 

Just trying to get a feel for what we might expect in each neighborhood. 

We are in our early 30’s, no kids and don’t plan to have any, looking for a walkable, comparably safe, neighborhood with lots of bars, restaurants, coffee, etc.","['Uptown', 'Ukrainian Village', 'Andersonville']",[],0,Neutral/Concern,0.575,11,2023,False,Female Perspective
How is living in the Loop vs River North?,"For some background, I (27M) am looking to move to Chicago from Des Moines next spring. I'm planning on talking to a leasing agent closer to my move-in date, but I'm doing some preliminary research. I work remotely, so commute isn't a factor for me. I've been to the city a couple of times, once in the Lakeview/Lincoln Park area and once around the Loop for Lollapalooza. I see Lakeview recommended often for newcomers to the city, and it's a strong contender for me (as is West Loop), but I'm really looking to compare highrise neighborhoods so I can narrow things down and decide more based on what sort of experience I want. I view Lakeview as a really good safe option, but all the highrises make my monkey brain happy, so I at least want to consider it. More practically, I think the Loop could also be a great home base because all the transit converges there. With that, I could explore other neighborhoods really easily while helping to minimize the number of transfers I have to do, which would help mitigate the recent issues I've heard about the CTA.

I'm sure this question has been asked, but the reason I'm asking now is just to see if things have changed post-COVID with so many people going to remote or hybrid work. Is the Loop still pretty much purely a business district? Would I be better off just sticking with River North if I'm looking for the highrise sort of experience? The main reason I'm moving is because I'm looking for walkability and a good social scene where I can meet people more naturally and frequently see the same people. To be totally transparent, I'd really like to have an easier time meeting single women too. I don't particularly care about bars, but cool cafes and a good hobby scene (e.g. cooking classes, running/walking/cycling clubs, coffee roasting and latte art classes, etc.) would be really nice. In some ways, the thought of it being quiet at night is actually sort of appealing since I could have a quiet place to retreat to at the end of the day, but if it's just socially barren, there's no point.

&amp;#x200B;

TLDR: Is the Loop still dead at night post-COVID? Or has it changed to have any more of a neighborhood feel since so many people went remote for a while? Is it a reasonable alternative to River North for someone looking for a good social scene?",AskChicago,19,1698895505.0,37,https://reddit.com/r/AskChicago/comments/17lugrc/how_is_living_in_the_loop_vs_river_north/,"How is living in the Loop vs River North? For some background, I (27M) am looking to move to Chicago from Des Moines next spring. I'm planning on talking to a leasing agent closer to my move-in date, but I'm doing some preliminary research. I work remotely, so commute isn't a factor for me. I've been to the city a couple of times, once in the Lakeview/Lincoln Park area and once around the Loop for Lollapalooza. I see Lakeview recommended often for newcomers to the city, and it's a strong contender for me (as is West Loop), but I'm really looking to compare highrise neighborhoods so I can narrow things down and decide more based on what sort of experience I want. I view Lakeview as a really good safe option, but all the highrises make my monkey brain happy, so I at least want to consider it. More practically, I think the Loop could also be a great home base because all the transit converges there. With that, I could explore other neighborhoods really easily while helping to minimize the number of transfers I have to do, which would help mitigate the recent issues I've heard about the CTA.

I'm sure this question has been asked, but the reason I'm asking now is just to see if things have changed post-COVID with so many people going to remote or hybrid work. Is the Loop still pretty much purely a business district? Would I be better off just sticking with River North if I'm looking for the highrise sort of experience? The main reason I'm moving is because I'm looking for walkability and a good social scene where I can meet people more naturally and frequently see the same people. To be totally transparent, I'd really like to have an easier time meeting single women too. I don't particularly care about bars, but cool cafes and a good hobby scene (e.g. cooking classes, running/walking/cycling clubs, coffee roasting and latte art classes, etc.) would be really nice. In some ways, the thought of it being quiet at night is actually sort of appealing since I could have a quiet place to retreat to at the end of the day, but if it's just socially barren, there's no point.

&amp;#x200B;

TLDR: Is the Loop still dead at night post-COVID? Or has it changed to have any more of a neighborhood feel since so many people went remote for a while? Is it a reasonable alternative to River North for someone looking for a good social scene?","['Loop', 'River North', 'Lincoln Park', 'Lakeview', 'West Loop']",[],0,Positive/Reassuring,0.575,3,2023,True,Female Perspective
PSA: Running red lights in the loop and sideswiping pedestrians is not acceptable.,"Here I am, walking across Michigan, I'm outside of the left turn lane with the crowd because everybody who crosses Michigan at randolph knows the signal phases, and everyone is waiting at the two edges of the left turn lane (from SB Michigan to EB Randolph) for the walk light to change, walk light changes, lady decides to floor it through the intersection anyways. She sideswiped me. So, I'm uninjured, but had I been a half a step forward, I'd be in a hospital bed. 

What really has me pissed off, is that situations like this are completely commonplace when I cross with signals. But I never have any problems or remotely close calls when I jaywalk (which I do a fair amount of). People in this city are so bad at following red light green light that it is in fact FAR safer for me to jaywalk than to cross with a pedestrian go signal. 

There's thousands of pedestrians in the loop every day, when you see them, and you see a red light, you STOP. You don't floor it. those 3 seconds are not worth maiming someone. (And probably my three seconds aren't worth my attempts to assert my right of way, but people have to learn to drive correctly somehow, scaring the shit out of them is the only thing I can think of since the police clearly aren't doing a good job). ",chicago,0,1410559248.0,16,https://reddit.com/r/chicago/comments/2g8nh0/psa_running_red_lights_in_the_loop_and/,"PSA: Running red lights in the loop and sideswiping pedestrians is not acceptable. Here I am, walking across Michigan, I'm outside of the left turn lane with the crowd because everybody who crosses Michigan at randolph knows the signal phases, and everyone is waiting at the two edges of the left turn lane (from SB Michigan to EB Randolph) for the walk light to change, walk light changes, lady decides to floor it through the intersection anyways. She sideswiped me. So, I'm uninjured, but had I been a half a step forward, I'd be in a hospital bed. 

What really has me pissed off, is that situations like this are completely commonplace when I cross with signals. But I never have any problems or remotely close calls when I jaywalk (which I do a fair amount of). People in this city are so bad at following red light green light that it is in fact FAR safer for me to jaywalk than to cross with a pedestrian go signal. 

There's thousands of pedestrians in the loop every day, when you see them, and you see a red light, you STOP. You don't floor it. those 3 seconds are not worth maiming someone. (And probably my three seconds aren't worth my attempts to assert my right of way, but people have to learn to drive correctly somehow, scaring the shit out of them is the only thing I can think of since the police clearly aren't doing a good job). ",['Loop'],[],0,Negative/Fear,0.598,22,2014,True,Female Perspective
Is North Chicago Safe As A Home Base For A Birthday Celebration?,"(Modified: To clarify we will be staying in the Rogers Park neighborhood)  
Hi friends,We've been to Chicago many times and love it. Usually we drive through Schaumburg, eat at Penang (I am of Malaysian heritage) and continue onto Wisconsin where my daughter goes to school. We also love Downtown Chicago and have stayed in hotels off the Miracle Mile and went in on the whole tourist experience.

Because we and our daughter love the city so much, we decided to celebrate her 21st in Chicago this Spring. Since we're bringing 6 of her friends from semi-rural/suburbian Wisconsin we decided to get an airbnb in North Chicago. Off Clark St (The Harmony House?) not far from the Chicago Public Library. We plan to take the train from the Morse St station into the city.

We're not as familiar with that part of town and I am wondering if anyone has any thoughts on whether that location is advisable for two adults and perhaps not as street smart 6 young adult women to use as a home base for our festivities. We won't know the exact address until the morning of the day of the stay. We still have a few weeks until we can cancel for a full refund.Our main concern is security and logistics and a fun experience for everyone concerned in a city where we've had nothing but the best time.Thoughts and recommendations?C",AskChicago,0,1711436696.0,33,https://reddit.com/r/AskChicago/comments/1bo1kdc/is_north_chicago_safe_as_a_home_base_for_a/,"Is North Chicago Safe As A Home Base For A Birthday Celebration? (Modified: To clarify we will be staying in the Rogers Park neighborhood)  
Hi friends,We've been to Chicago many times and love it. Usually we drive through Schaumburg, eat at Penang (I am of Malaysian heritage) and continue onto Wisconsin where my daughter goes to school. We also love Downtown Chicago and have stayed in hotels off the Miracle Mile and went in on the whole tourist experience.

Because we and our daughter love the city so much, we decided to celebrate her 21st in Chicago this Spring. Since we're bringing 6 of her friends from semi-rural/suburbian Wisconsin we decided to get an airbnb in North Chicago. Off Clark St (The Harmony House?) not far from the Chicago Public Library. We plan to take the train from the Morse St station into the city.

We're not as familiar with that part of town and I am wondering if anyone has any thoughts on whether that location is advisable for two adults and perhaps not as street smart 6 young adult women to use as a home base for our festivities. We won't know the exact address until the morning of the day of the stay. We still have a few weeks until we can cancel for a full refund.Our main concern is security and logistics and a fun experience for everyone concerned in a city where we've had nothing but the best time.Thoughts and recommendations?C",['Rogers Park'],[],0,Positive/Reassuring,0.974,7,2024,False,Female Perspective
Traveling to Chicago for Birthday July 16-17?,"Hello! I’m heading back to visit Summer time Chi for a quick solo trip. I’ll be arriving in Chicago from O’Hare about 7:00 am, my check in time won’t be until 3:00 pm in River North. 

The last time I was in Chicago was 2 years ago with my Wife back in April. Had a blast but it was cold, a little damp and it was a quick trip so didn’t get a chance to do as much as I wanted to. 

During that trip we did the Chicago River architecture tour, Art Institute of Chicago, walked Magnificent Mile, 360 observatory, and a few other things. 

I’ll be leaving Chicago 9:00 pm the following day so I’m trying to get the most out of this solo trip. 

I definitely want to rent a bike and ride Lakeshore trail but if there’s other safe spaces to cycle outside of the trail where I can get that urban cycling experience please hop me to those areas as well. 

I would love to visit the Fulton Market since I didn’t get to do it last time but I want to know the best neighborhoods and cheap to free attractions to visit to get the best of Chicago on such a short trip!

Thanks in advance! 
",AskChicago,0,1749926463.0,2,https://reddit.com/r/AskChicago/comments/1lbftm1/traveling_to_chicago_for_birthday_july_1617/,"Traveling to Chicago for Birthday July 16-17? Hello! I’m heading back to visit Summer time Chi for a quick solo trip. I’ll be arriving in Chicago from O’Hare about 7:00 am, my check in time won’t be until 3:00 pm in River North. 

The last time I was in Chicago was 2 years ago with my Wife back in April. Had a blast but it was cold, a little damp and it was a quick trip so didn’t get a chance to do as much as I wanted to. 

During that trip we did the Chicago River architecture tour, Art Institute of Chicago, walked Magnificent Mile, 360 observatory, and a few other things. 

I’ll be leaving Chicago 9:00 pm the following day so I’m trying to get the most out of this solo trip. 

I definitely want to rent a bike and ride Lakeshore trail but if there’s other safe spaces to cycle outside of the trail where I can get that urban cycling experience please hop me to those areas as well. 

I would love to visit the Fulton Market since I didn’t get to do it last time but I want to know the best neighborhoods and cheap to free attractions to visit to get the best of Chicago on such a short trip!

Thanks in advance! 
","['River North', 'Magnificent Mile', 'Fulton Market']",[],0,Positive/Reassuring,0.815,18,2025,False,Female Perspective
"r/Chicago, are you having problems with AT&amp;T data service downtown?","**TL;DR**: AT&amp;T needs to fix their network in their home town. Help me convince them to.

Here is my story. On New Years Day, my wife and I went to Apple to upgrade our iPhone 3Gs to the 4S. We previously had no problems with our service (except for Chinatown, specifically on the Orange Line between Roosevelt and Halsted)

With my new iPhone in hand, I was hoping to continue checking out Reddit and such on my commute. I was mistaken. I work one block away from the AT&amp;T HQ. My phone shows 4 to 5 bars and 3G. Yet, all of my applications either say I am not connected to the internet or time out. Always. My phone does not start working properly until I am passed Halsted. So obviously there are issues downtown.

I talked with tech support both on the phone and in store. I got a gamut of possible problems, but no definitive answers.

""The towers in your area may be being upgraded.""

""There are a lot of buildings around.""

""There is a high amount of traffic in the area.""

""This is Apple's problem. (My favorite)""

All of these excuses are unacceptable. I am paying out the wazoo for a data plan I cannot use but for the few hours I am at home, when I would use my laptop for internet anyway?! What is that shit?

Has anyone else been dealing with these issues? I am considering sending a petition to corporate demanding these issues be fixed. I would like to have some people with similar problems backing me up.

If you are experiencing these issues, comment with the model phone you have, the neighborhood(s) you experience the problem in, how long you have had this issue, and any other info you think would be relevant.

**EDIT** If you have no issues with AT&amp;T data in the area and do NOT use an iPhone, please tell me what phone you DO have. If worse comes to worst, I want to make sure I get a new phone that will work.

**EDIT2** Looks like its a unanimous issue with iPhone 4/4S users in the Loop / West Loop / River North. As mandrsn1 said:
&gt; My personal opinion (as a former antenna/radio engineer) is that iPhones have a strong preference for a specific portion of the radio band. Thus, all iPhones are trying to use the same portion of the spectrum, making that bit very clogged. There is plenty of spectrum that the iPhone is avoiding, thus non-iPhones have unclogged frequencies on which to operate.

So it looks like we got three options:

1. Suck it up. AT&amp;T doesn't care enough to acknowledge the problem or indicate they are fixing it. (Requires AT&amp;T to do nothing, even profiting from those who pay for a service they cannot use. $$$ in AT&amp;T pockets)
2. Change to a different phone: Be it an earlier iPhone, or an Android / Blackberry. 
(Requires 2-year activation contract. $$$ in AT&amp;T pockets)
3. Change carriers. (Requires contract cancellation fee, plus two year agreement with another carrier and possibly a new phone if not unlocked. $$$ in AT&amp;T pockets)

Seems this is a very profitable issue to have.

**EDIT3** So I went to an AT&amp;T store and an Apple store. Returned my iPhone and got the new *inhale* Samsung Galaxy S II Skyrocket *exhale* I pull up some apps in my building and around town where my 4S was dead and IT WORKS!!  AT&amp;T and/or Apple need to make their customers aware of the issue with the phone downtown. ",chicago,10,1326985143.0,22,https://reddit.com/r/chicago/comments/onb6z/rchicago_are_you_having_problems_with_att_data/,"r/Chicago, are you having problems with AT&amp;T data service downtown? **TL;DR**: AT&amp;T needs to fix their network in their home town. Help me convince them to.

Here is my story. On New Years Day, my wife and I went to Apple to upgrade our iPhone 3Gs to the 4S. We previously had no problems with our service (except for Chinatown, specifically on the Orange Line between Roosevelt and Halsted)

With my new iPhone in hand, I was hoping to continue checking out Reddit and such on my commute. I was mistaken. I work one block away from the AT&amp;T HQ. My phone shows 4 to 5 bars and 3G. Yet, all of my applications either say I am not connected to the internet or time out. Always. My phone does not start working properly until I am passed Halsted. So obviously there are issues downtown.

I talked with tech support both on the phone and in store. I got a gamut of possible problems, but no definitive answers.

""The towers in your area may be being upgraded.""

""There are a lot of buildings around.""

""There is a high amount of traffic in the area.""

""This is Apple's problem. (My favorite)""

All of these excuses are unacceptable. I am paying out the wazoo for a data plan I cannot use but for the few hours I am at home, when I would use my laptop for internet anyway?! What is that shit?

Has anyone else been dealing with these issues? I am considering sending a petition to corporate demanding these issues be fixed. I would like to have some people with similar problems backing me up.

If you are experiencing these issues, comment with the model phone you have, the neighborhood(s) you experience the problem in, how long you have had this issue, and any other info you think would be relevant.

**EDIT** If you have no issues with AT&amp;T data in the area and do NOT use an iPhone, please tell me what phone you DO have. If worse comes to worst, I want to make sure I get a new phone that will work.

**EDIT2** Looks like its a unanimous issue with iPhone 4/4S users in the Loop / West Loop / River North. As mandrsn1 said:
&gt; My personal opinion (as a former antenna/radio engineer) is that iPhones have a strong preference for a specific portion of the radio band. Thus, all iPhones are trying to use the same portion of the spectrum, making that bit very clogged. There is plenty of spectrum that the iPhone is avoiding, thus non-iPhones have unclogged frequencies on which to operate.

So it looks like we got three options:

1. Suck it up. AT&amp;T doesn't care enough to acknowledge the problem or indicate they are fixing it. (Requires AT&amp;T to do nothing, even profiting from those who pay for a service they cannot use. $$$ in AT&amp;T pockets)
2. Change to a different phone: Be it an earlier iPhone, or an Android / Blackberry. 
(Requires 2-year activation contract. $$$ in AT&amp;T pockets)
3. Change carriers. (Requires contract cancellation fee, plus two year agreement with another carrier and possibly a new phone if not unlocked. $$$ in AT&amp;T pockets)

Seems this is a very profitable issue to have.

**EDIT3** So I went to an AT&amp;T store and an Apple store. Returned my iPhone and got the new *inhale* Samsung Galaxy S II Skyrocket *exhale* I pull up some apps in my building and around town where my 4S was dead and IT WORKS!!  AT&amp;T and/or Apple need to make their customers aware of the issue with the phone downtown. ","['Loop', 'River North', 'Chinatown', 'West Loop']",[],0,Positive/Reassuring,0.55,14,2012,False,Female Perspective
What would you say to doubting parents about moving to Chicago?,"

We (late 20’s F) are moving to Chicago proper in the Jan-March months next year from Iowa- woohoo! 

I was raised in the suburbs, and my parents moved me out to Iowa due to the amazing school quality 20 years ago. 

Now? Iowa is not safe for LGBTQ individuals, and we are afforded so many more rights in Chicago- not to mention just the draw to live in a world class city! 

We will be moving to the northern neighborhoods, probably Rogers Park, North Park, Andersonville, or somewhere nearby. 

My mom grew up in Maywood in the 60’s-70’s, and moved out of the area in the 00’s. Times have changed, but she isnt thrilled at the idea. Says she only hears horror stories (aka media sensationalization). 

Obviously we know the areas we are moving to are safer than our current neighborhood in Iowa, but thats hard for my rural parents to wrap their head around (Note that my neighbors have been visited by SWAT, and my other neighbors have all been in violent domestic altercations. It is very common for cops to be on my block for multiple reason). We are not looking for their approval, nor do we need it, but if theres any way to calm their preconceived notions, it would help! 

What would you say to a couple of Boomers who have not been in the Chicago area for 20+ years that no, we will not be shot up in Chicago and we are going to very quaint neighborhoods in search for a better quality of life (we will be renting, so no arguments over property taxes LOL). ",AskChicago,132,1728930596.0,296,https://reddit.com/r/AskChicago/comments/1g3myyo/what_would_you_say_to_doubting_parents_about/,"What would you say to doubting parents about moving to Chicago? 

We (late 20’s F) are moving to Chicago proper in the Jan-March months next year from Iowa- woohoo! 

I was raised in the suburbs, and my parents moved me out to Iowa due to the amazing school quality 20 years ago. 

Now? Iowa is not safe for LGBTQ individuals, and we are afforded so many more rights in Chicago- not to mention just the draw to live in a world class city! 

We will be moving to the northern neighborhoods, probably Rogers Park, North Park, Andersonville, or somewhere nearby. 

My mom grew up in Maywood in the 60’s-70’s, and moved out of the area in the 00’s. Times have changed, but she isnt thrilled at the idea. Says she only hears horror stories (aka media sensationalization). 

Obviously we know the areas we are moving to are safer than our current neighborhood in Iowa, but thats hard for my rural parents to wrap their head around (Note that my neighbors have been visited by SWAT, and my other neighbors have all been in violent domestic altercations. It is very common for cops to be on my block for multiple reason). We are not looking for their approval, nor do we need it, but if theres any way to calm their preconceived notions, it would help! 

What would you say to a couple of Boomers who have not been in the Chicago area for 20+ years that no, we will not be shot up in Chicago and we are going to very quaint neighborhoods in search for a better quality of life (we will be renting, so no arguments over property taxes LOL). ","['Rogers Park', 'North Park', 'Andersonville']",[],0,Positive/Reassuring,0.537,18,2024,False,Female Perspective
Is Hermosa a good neighborhood to live in?,"Hey everyone,

My wife and I have been living in Lakeview for a little over 5 years now renting. Our rent just got raised 25% year over year, so it got us thinking about buying our own place and moving. 

Long story short, we stumbled across Hermosa because it is a neighborhood close to a train stop (Healy) and pretty affordable to buy a house and plant some roots. We have walked around the area quite a bit and while it is definitely not Lakeview in terms of polish, it feels like a safe neighborhood with tons of families everywhere. 

What do folks who live in Hermosa think about the neighborhood? Does it feel safe? Do you enjoy living there? Is there some sense of community (block parties, etc.)? Any fun facts or locations only locals know about?

Thank you!",AskChicago,28,1771257141.0,77,https://reddit.com/r/AskChicago/comments/1r6d8im/is_hermosa_a_good_neighborhood_to_live_in/,"Is Hermosa a good neighborhood to live in? Hey everyone,

My wife and I have been living in Lakeview for a little over 5 years now renting. Our rent just got raised 25% year over year, so it got us thinking about buying our own place and moving. 

Long story short, we stumbled across Hermosa because it is a neighborhood close to a train stop (Healy) and pretty affordable to buy a house and plant some roots. We have walked around the area quite a bit and while it is definitely not Lakeview in terms of polish, it feels like a safe neighborhood with tons of families everywhere. 

What do folks who live in Hermosa think about the neighborhood? Does it feel safe? Do you enjoy living there? Is there some sense of community (block parties, etc.)? Any fun facts or locations only locals know about?

Thank you!","['Lakeview', 'Hermosa']",[],0,Positive/Reassuring,0.75,15,2026,False,Female Perspective
2am arrival at ORD?,"Hey Chicago, I’m flying in to visit my bff in August. One potential flight gets in to ORD around 2 am, my friend lives in Humboldt Park. What is the best way to get to her place at that time? Normally I just take the El into downtown and then bus or taxi, sometimes she can pick me up at a more normal arrival time… I was thinking I could take the Blue Line to Logan Square and then Uber from there. Or should I just Uber/taxi straight from the airport? I’m a little nervous about coming in at this time of night, her neighborhood is not totally safe. I want to plan my transport before I buy the ticket. Thanks for any advice!",AskChicago,22,1720748391.0,58,https://reddit.com/r/AskChicago/comments/1e15ivi/2am_arrival_at_ord/,"2am arrival at ORD? Hey Chicago, I’m flying in to visit my bff in August. One potential flight gets in to ORD around 2 am, my friend lives in Humboldt Park. What is the best way to get to her place at that time? Normally I just take the El into downtown and then bus or taxi, sometimes she can pick me up at a more normal arrival time… I was thinking I could take the Blue Line to Logan Square and then Uber from there. Or should I just Uber/taxi straight from the airport? I’m a little nervous about coming in at this time of night, her neighborhood is not totally safe. I want to plan my transport before I buy the ticket. Thanks for any advice!","['Logan Square', 'Humboldt Park']",[],0,Neutral/Concern,0.722,1,2024,True,Female Perspective
What was living in Humboldt Park during the 1960s-70s like?,"What was Humboldt Park like in the 1960s-70s?

My Dad spent the first 21 years of his life living in Humboldt Park, Chicago. Both of my Grandparents were Polish immigrants.  My Dad is the 5th of 6 kids and they all lived off of W Evergreen Ave.


Aside from a brief story about their house partially burning down while he was a boy, I don’t know much else about his hardships growing up, or what type of reoccurring dangers Humboldt Park brought to him.  He chooses not to talk about this with his kids. If I ask my Mom about what my Dad has told her, she always tells me to “ask your Dad.”  
My Dad left Humboldt Park in 1974/75.  

Here are some general historical tidbits I know about:
The 1966 Division st Riots. 
The Latin Kings were founded in Humboldt Park. 
Humboldt Park was once a predominately Polish neighborhood until it began transitioning to a Puerto Rican neighborhood during the years my Dad grew-up there. 

People close to my Dad have told me how Humboldt Park is/ was one of Chicago’s hardest neighborhoods, but not much else. I’ve recently become fascinated with learning more about it. 

I’m hoping people who grew-up in or lived in Humboldt Park during the 1960s and 1970s will share their specific stories and/ or descriptions of this neighborhood back then.

Same with people who know someone who called Humboldt Park home during this era and is willing to share those stories.  

I’m not looking for any specific point of view.  I’m hoping to get feedback from multiple races, nationalities, and genders to help gain a broader, multidimensional understanding of this Chicago neighborhood back then.  As far as I’m concerned, there are no wrong answers and no unwelcome viewpoints — I’m hoping for raw authenticity. 

I hope many will share their unfiltered memories/ anecdotes — no matter how lovely or ugly or vulgar they may be  — which will help me better grasp where my Dad grew-up. 
Thanks/ gracias to everyone who took the time to read this.  A giant thank you/ gracias to anyone who adds their own input.  I appreciate it!!!",chicago,13,1597543839.0,11,https://reddit.com/r/chicago/comments/iakbyb/what_was_living_in_humboldt_park_during_the/,"What was living in Humboldt Park during the 1960s-70s like? What was Humboldt Park like in the 1960s-70s?

My Dad spent the first 21 years of his life living in Humboldt Park, Chicago. Both of my Grandparents were Polish immigrants.  My Dad is the 5th of 6 kids and they all lived off of W Evergreen Ave.


Aside from a brief story about their house partially burning down while he was a boy, I don’t know much else about his hardships growing up, or what type of reoccurring dangers Humboldt Park brought to him.  He chooses not to talk about this with his kids. If I ask my Mom about what my Dad has told her, she always tells me to “ask your Dad.”  
My Dad left Humboldt Park in 1974/75.  

Here are some general historical tidbits I know about:
The 1966 Division st Riots. 
The Latin Kings were founded in Humboldt Park. 
Humboldt Park was once a predominately Polish neighborhood until it began transitioning to a Puerto Rican neighborhood during the years my Dad grew-up there. 

People close to my Dad have told me how Humboldt Park is/ was one of Chicago’s hardest neighborhoods, but not much else. I’ve recently become fascinated with learning more about it. 

I’m hoping people who grew-up in or lived in Humboldt Park during the 1960s and 1970s will share their specific stories and/ or descriptions of this neighborhood back then.

Same with people who know someone who called Humboldt Park home during this era and is willing to share those stories.  

I’m not looking for any specific point of view.  I’m hoping to get feedback from multiple races, nationalities, and genders to help gain a broader, multidimensional understanding of this Chicago neighborhood back then.  As far as I’m concerned, there are no wrong answers and no unwelcome viewpoints — I’m hoping for raw authenticity. 

I hope many will share their unfiltered memories/ anecdotes — no matter how lovely or ugly or vulgar they may be  — which will help me better grasp where my Dad grew-up. 
Thanks/ gracias to everyone who took the time to read this.  A giant thank you/ gracias to anyone who adds their own input.  I appreciate it!!!",['Humboldt Park'],[],0,Neutral/Concern,0.486,2,2020,True,Female Perspective
Rules for the young ones to be safe,"What rules or guidelines do you usually give your kids regarding being outside and around the city to promote their independence and safety? 

We have a 12-year-old boy and a five-year-old girl. 

The neighborhood we are trying to move to is Lincoln Park. 

Coming from the suburbs, our kids are used to being more or less feral and playing outside. We understand that arrangement might be less tenable in a large city. How much autonomy do you give your kids, and what boundaries do you typically set to help keep them safe?",AskChicago,72,1707907675.0,47,https://reddit.com/r/AskChicago/comments/1aqk33n/rules_for_the_young_ones_to_be_safe/,"Rules for the young ones to be safe What rules or guidelines do you usually give your kids regarding being outside and around the city to promote their independence and safety? 

We have a 12-year-old boy and a five-year-old girl. 

The neighborhood we are trying to move to is Lincoln Park. 

Coming from the suburbs, our kids are used to being more or less feral and playing outside. We understand that arrangement might be less tenable in a large city. How much autonomy do you give your kids, and what boundaries do you typically set to help keep them safe?",['Lincoln Park'],[],0,Neutral/Concern,0.557,10,2024,False,Female Perspective
Locally known things to do in Chicago that do NOT require money?," I live in Lincoln park, my girlfriend lives in Logan. I have a car, but don't have money because.. Life and what not. 

She and I have been going out a lot to eat, or drink, and we've decided to cool that down.

So we want to do entertaining stuff, or adventurous stuff while avoiding the financial aspect those things tend to require. 
Walking around, sight seeing some cool houses of neighborhoods nearby, a free show, whatever. 

What can we do to take up our time without taking our money? ",chicago,0,1443641152.0,29,https://reddit.com/r/chicago/comments/3n07ea/locally_known_things_to_do_in_chicago_that_do_not/,"Locally known things to do in Chicago that do NOT require money?  I live in Lincoln park, my girlfriend lives in Logan. I have a car, but don't have money because.. Life and what not. 

She and I have been going out a lot to eat, or drink, and we've decided to cool that down.

So we want to do entertaining stuff, or adventurous stuff while avoiding the financial aspect those things tend to require. 
Walking around, sight seeing some cool houses of neighborhoods nearby, a free show, whatever. 

What can we do to take up our time without taking our money? ",['Lincoln Park'],[],0,Positive/Reassuring,0.618,19,2015,False,Female Perspective
"For women who live south of the loop and feel safe in their neighborhood, where do you live?",Not super familiar with the area so asking. Would love to be within 30 min train commute of the loop as well. TIA!,AskChicago,0,1742976735.0,2,https://reddit.com/r/AskChicago/comments/1jk6sn0/for_women_who_live_south_of_the_loop_and_feel/,"For women who live south of the loop and feel safe in their neighborhood, where do you live? Not super familiar with the area so asking. Would love to be within 30 min train commute of the loop as well. TIA!",['Loop'],[],0,Positive/Reassuring,0.487,8,2025,False,Female Perspective
"Neighborhoods for 40+, No Kids","We're a 40-something married couple with two dogs, no kids, probably moving to Chicago this summer. We moved to Brooklyn from Austin, TX and I do not love it. My Slampiece loves it and likes city-living where as for me it sucks my energy dry. We need a good mix of walkability and city, but I also want to get in the car and go to the grocery store or Trader Joe's (I cook a lot). Also these dogs are killing me in an apartment and I feel like we need at least a pet relief area. One is old and won't be with us much longer, but I want her life to be awesome. Right now we have to carry her up and down the stairs about 6 times a day. 

We're coming out for our first scouting trip in a few weeks and I want to prioritize some neighborhoods to look at.

The details:
Renting for the first year or so, budget &lt;$2500 for 3 bedrooms or 2 plus a space for an office. (We both work from home so need individual spaces.)
No commute to consider other than to ORD, but can use Lyft to do that.
I would prefer a townhouse/house with a small pet relief area.
Washer/Dryer in unit, dishwasher too. Does Chicago have disposals? I want one of those too...
If it's an apt. can't be on the second floor (elderly dog can't do stairs)
Looking for walkability to stores, restaurants, parks, transit
Prefer to be in the city
We travel a lot, mostly from ORD
I'd like to have one car, fine with street parking but prefer a space of course
Racial/socioeconomic diversity
Feel safe walking in the very early morning if no outdoor space (elderly dog currently needs to go out at 4AM)
We don't do the bar scene because we old. 
Tend to be civic-minded, cook a lot, like to eat out a good bit, not huge sports fans, but will probably go to a Sox or Bulls game on occasion. 
I love a good park, and have a deep, deep love for sitting by/in a pool reading in the summer.

It feels like this is a pretty suburban list, but my slampiece doesn't want to do that for our first year if it can be avoided. When we buy, I'm thinking Western Suburbs will be the right fit.

Some neighborhoods I'm interested in and need feedback on:
Bronzeville
Hyde Park
Rogers Park
Andersonville
Ukranian Village
Logan Square
Pilsen

And any other places you think we should check out.

",chicago,0,1519250464.0,26,https://reddit.com/r/chicago/comments/7z9i86/neighborhoods_for_40_no_kids/,"Neighborhoods for 40+, No Kids We're a 40-something married couple with two dogs, no kids, probably moving to Chicago this summer. We moved to Brooklyn from Austin, TX and I do not love it. My Slampiece loves it and likes city-living where as for me it sucks my energy dry. We need a good mix of walkability and city, but I also want to get in the car and go to the grocery store or Trader Joe's (I cook a lot). Also these dogs are killing me in an apartment and I feel like we need at least a pet relief area. One is old and won't be with us much longer, but I want her life to be awesome. Right now we have to carry her up and down the stairs about 6 times a day. 

We're coming out for our first scouting trip in a few weeks and I want to prioritize some neighborhoods to look at.

The details:
Renting for the first year or so, budget &lt;$2500 for 3 bedrooms or 2 plus a space for an office. (We both work from home so need individual spaces.)
No commute to consider other than to ORD, but can use Lyft to do that.
I would prefer a townhouse/house with a small pet relief area.
Washer/Dryer in unit, dishwasher too. Does Chicago have disposals? I want one of those too...
If it's an apt. can't be on the second floor (elderly dog can't do stairs)
Looking for walkability to stores, restaurants, parks, transit
Prefer to be in the city
We travel a lot, mostly from ORD
I'd like to have one car, fine with street parking but prefer a space of course
Racial/socioeconomic diversity
Feel safe walking in the very early morning if no outdoor space (elderly dog currently needs to go out at 4AM)
We don't do the bar scene because we old. 
Tend to be civic-minded, cook a lot, like to eat out a good bit, not huge sports fans, but will probably go to a Sox or Bulls game on occasion. 
I love a good park, and have a deep, deep love for sitting by/in a pool reading in the summer.

It feels like this is a pretty suburban list, but my slampiece doesn't want to do that for our first year if it can be avoided. When we buy, I'm thinking Western Suburbs will be the right fit.

Some neighborhoods I'm interested in and need feedback on:
Bronzeville
Hyde Park
Rogers Park
Andersonville
Ukranian Village
Logan Square
Pilsen

And any other places you think we should check out.

","['Logan Square', 'Pilsen', 'Hyde Park', 'Bronzeville', 'Rogers Park', 'Austin', 'Andersonville']",[],0,Negative/Fear,0.556,22,2018,True,Female Perspective
Which area of the city should I move to (outdoorsy 36yo female)?,"Hi there! I'm moving from Boulder, Colorado to Chicago in May for work. I'm honestly really sad about it. I need the job, but I love it here in Boulder. It's pricey and not the most culturally diverse, but it's highly walkable/bike-able, super safe, there's endless hiking trails, lots of sunshine, and I can afford to rent a small house (with one roommate) so I have a little gardening space, which is important to me.

I guess I just don't feel like much of a ""city girl,"" (originally from small town Ohio) so I'm having a hard time figuring out which areas of the city I'd fit in the best. I'd love some input for where to begin my search for housing. Here's what matters most to me:

* Safety – I'm a single 36yo female with a cat
* Nature &amp; trees – I love hiking, running, backpacking, biking around town, playing in creeks and rivers, kayaking, etc. I feel anxious just thinking about being surrounded by high-rise buildings.
* Cost – I'll be making about $93k annually; would like rent to be $1,500-ish/month (or less)
* Culture/vibe – Again, I don't feel like a ""city girl."" Looking for neighborhoods with small-town community vibes where there's stuff to do but I can have peace and quiet at home.
* Commute – I'll need to get to my job in the Bucktown area 4 days/week
* House (vs apartment) – Probably not reasonable given my price range, but I love the idea of renting a very small house with a small backyard space for container gardening. And so I don't have to worry as much about apartment-living stuff like bedbugs, roaches, noise, etc.

Other stuff that might be helpful to know:

* I've kind of given up on dating but I am hoping to make new friends (people in their late 20s–mid-40s?)
* I have an SUV so will need parking (I more than welcome any tips for weekend excursions around nature, backpacking, camping, etc.!)
* I play the fiddle and really like bluegrass &amp; country - live music, going to picks, jams, open stages, etc.

Thanks so much for any thoughts, tips, guidance, or input!",AskChicago,0,1741467170.0,32,https://reddit.com/r/AskChicago/comments/1j6qol9/which_area_of_the_city_should_i_move_to_outdoorsy/,"Which area of the city should I move to (outdoorsy 36yo female)? Hi there! I'm moving from Boulder, Colorado to Chicago in May for work. I'm honestly really sad about it. I need the job, but I love it here in Boulder. It's pricey and not the most culturally diverse, but it's highly walkable/bike-able, super safe, there's endless hiking trails, lots of sunshine, and I can afford to rent a small house (with one roommate) so I have a little gardening space, which is important to me.

I guess I just don't feel like much of a ""city girl,"" (originally from small town Ohio) so I'm having a hard time figuring out which areas of the city I'd fit in the best. I'd love some input for where to begin my search for housing. Here's what matters most to me:

* Safety – I'm a single 36yo female with a cat
* Nature &amp; trees – I love hiking, running, backpacking, biking around town, playing in creeks and rivers, kayaking, etc. I feel anxious just thinking about being surrounded by high-rise buildings.
* Cost – I'll be making about $93k annually; would like rent to be $1,500-ish/month (or less)
* Culture/vibe – Again, I don't feel like a ""city girl."" Looking for neighborhoods with small-town community vibes where there's stuff to do but I can have peace and quiet at home.
* Commute – I'll need to get to my job in the Bucktown area 4 days/week
* House (vs apartment) – Probably not reasonable given my price range, but I love the idea of renting a very small house with a small backyard space for container gardening. And so I don't have to worry as much about apartment-living stuff like bedbugs, roaches, noise, etc.

Other stuff that might be helpful to know:

* I've kind of given up on dating but I am hoping to make new friends (people in their late 20s–mid-40s?)
* I have an SUV so will need parking (I more than welcome any tips for weekend excursions around nature, backpacking, camping, etc.!)
* I play the fiddle and really like bluegrass &amp; country - live music, going to picks, jams, open stages, etc.

Thanks so much for any thoughts, tips, guidance, or input!",['Bucktown'],[],0,Positive/Reassuring,0.679,20,2025,True,Female Perspective
